index_100	brand	model	website_link	ingredient_list	has_soy	has_palm_oil	total_arsenic	inorganic_arsenic	lead	cadmium	mercury	aluminum	potassium	bisphenol_a	bisphenol_f	bisphenol_s	acrylamide	report_year
101	A2	Platinum	https://a2platinum.com/pages/why-a2	recalled			ND	NT	2.9	ND	ND	1770	5580000	ND	ND	ND	ND	2025
102	Aptamil	First Infant Milk	https://www.nutricia.co.uk/hcp/pim-products/aptamil-first-infant-milk-with-pronutra-powder.html	Dairy-based blend (of which 29% is fermented) [Lactose (from milk), Vegetable oils (High oleic sunflower oil, Coconut oil, Rapeseed oil, Sunflower oil), Skimmed milk, Demineralised whey (from milk), Whey concentrate (from milk), Fish oil, Potassium citrate, Calcium carbonate, Magnesium chloride, Choline chloride, Calcium phosphate, Sodium citrate, Potassium chloride, Vitamin C, Emulsifier (Soy lecithin), Inositol, Antioxidant (Vitamin C), Pantothenic acid, Nicotinamide, Vitamin E, Thiamin, Riboflavin, Vitamin B₆, Potassium iodide, Folic acid, Vitamin K₁, Biotin, Vitamin B₁₂], Galacto-oligosaccharides (GOS) (from milk), Milk protein, Fructo-oligosaccharides (FOS), Oil from Mortierella Alpina, Sodium chloride, L-Tryptophan, Ferrous sulphate, Zinc sulphate, L-Carnitine, Copper sulphate, Vitamin A, Sodium selenite, Manganese sulphate, Vitamin D₃. Allergy Advice: For allergens, see ingredients in bold.			ND	NT	1.5	ND	ND	215	5670000	ND	ND	ND	ND	2025
103	"Baby’s Only
Organic"	Complete Nutrition	https://babysonly.com/collections/shop-all/products/organic-gentle-infant-formula	Organic Lactose, Organic Nonfat Milk (Source Of A2 Proteins), Organic High Oleic Sunflower, Organic Soybean Oil, Organic Whey Protein Concentrate, Organic Coconut Oil, Less Than 2% Of: Organic Soy Lecithin, Calcium Carbonate, Calcium Phosphate, Sodium Chloride, Potassium Chloride, Potassium Citrate, Magnesium Phosphate, Choline Bitartrate, Calcium Ascorbate, Inositol, Ferrous Sulfate, D-Alpha Tocopheryl Acetate, Zinc Sulfate, Niacinamide, Calcium Pantothenate, Biotin, Vitamin A, Thiamin Hydrochloride, Copper Sulfate, Riboflavin, Pyridoxine Hydrochloride, Sodium Selenate, Manganese Sulfate, Phylloquinone, Folic Acid, Vitamin D3, And Vitamin B12.			ND	NT	1.4	ND	ND	307	6080000	ND	ND	ND	ND	2025
104	Bobbie	"Grass-Fed Whole Milk
(non-organic)"	https://www.hibobbie.com/products/grass-fed-whole-milk-infant-formula-14-1oz?variant=42520514101333	lactose, organic whole milk, organic linoleic sunflower oil, organic low erucic acid rapeseed oil, organic whey protein concentrate, organic high oleic sunflower oil, organic coconut oil, less than 2 % of: organic low erucic acid rapeseed lecithin, schizochytrium sp. oil*, mortierella alpina oil**, calcium carbonate, calcium phosphate, potassium chloride, sodium chloride, potassium citrate, l-carnitine, magnesium phosphate, calcium ascorbate, choline bitartrate, inositol, potassium iodide, ferrous sulfate, d-alpha tocopheryl acetate, zinc sulfate, vitamin c palmitate, niacinamide, calcium pantothenate, biotin, vitamin a, thiamin hydrochloride, copper sulfate, riboflavin, mixed tocopherols, pyridoxine hydrochloride, sodium selenate, manganese sulfate, phylloquinone, folic acid, vitamin d3, vitamin b12. * a source of docosahexaenoic acid (dha) ** a source of arachidonic acid (ara)			ND	NT	ND	ND	ND	95	7080000	ND	ND	ND	ND	2026
105	Bobbie	Organic	https://www.hibobbie.com/products/bobbie-organic-infant-formula?variant=42520534450261	"organic lactose, organic nonfat milk, organic high oleic (safflower or sunflower) oil, organic low erucic acid rapeseed oil, organic whey protein concentrate, organic coconut oil, organic linoleic (sunflower or safflower) oil, less than 1%: organic low erucic acid rapeseed lecithin, schizochytrium sp. oil; mortierella alpina oil;"" calcium phosphate, potassium citrate, sodium chloride, calcium carbonate, potassium hydroxide, potassium phosphate, magnesium chloride, potassium bicarbonate, ferrous sulfate, potassium chloride, zinc sulfate, cupric sulfate, manganese sulfate, potassium iodide, sodium selenite, choline bitartrate, ascorbic acid (vitamin c), ascorbyl palmitate, inositol, l-carnitine, mixed tocopherols concentrate, di-alpha tocopheryl acetate (vitamin e), niacinamide (vitamin b3), calcium pantothenate, vitamin a palmitate, riboflavin (vitamin b2), thiamine hydrochloride (vitamin b1), pyridoxine hydrochloride (vitamin b6), folic acid, phytonadione (vitamin k), biotin, cholecalciferol (vitamin d3), cyanocobalamin (vitamin b12).' '"			ND	NT	1.2	ND	ND	1030	6740000	ND	ND	ND	ND	2025
106	Bobbie	Organic Gentle	https://www.hibobbie.com/products/bobbie-organic-gentle-infant-formula?variant=42520529928277	organic lactose, organic partially hydrolyzed whey protein, organic high oleic (safflower or sunflower) oil, organic low erucic acid rapeseed oil, organic coconut oil, organic linoleic (safflower or sunflower) oil, less than 1%: organic low erucic acid rapeseed lecithin, mortierella alpina oil**, schizochytrium sp. oil***, vitamin a palmitate, cholecalciferol (vitamin d3), d/-alpha tocopheryl acetate (vitamin e), mixed tocopherols concentrate, phytonadione (vitamin k), ascorbyl palmitate, thiamine hydrochloride (vitamin b1), riboflavin (vitamin b2), pyridoxine hydrochloride (vitamin b6), cyanocobalamin (vitamin b12), niacinamide (vitamin b3), folic acid, calcium pantothenate, biotin, ascorbic acid (vitamin c), choline bitartrate, inositol, l-carnitine, calcium carbonate, calcium chloride, calcium hydroxide, calcium phosphate, ferrous sulfate, zinc sulfate, manganese sulfate, cupric sulfate, magnesium chloride, potassium bicarbonate, potassium chloride, potassium phosphate, potassium hydroxide, potassium iodide, sodium chloride, sodium selenite, sodium citrate. **a source of arachidonic acid (ara) ***a source of docosahexaenoic acid (dha)			ND	NT	1.5	ND	ND	1325	7376667	ND	ND	ND	ND	2025
107	Bobbie	Organic Whole Milk	https://www.hibobbie.com/products/organic-whole-milk-infant-formula	organic lactose, organic whole milk, organic linoleic sunflower oil, organic low erucic acid rapeseed oil, organic whey protein concentrate, organic high oleic sunflower oil, organic coconut oil, less than 2 % of: organic low erucic acid rapeseed lecithin, schizochytrium sp. oil* mortierella alpina oil**, calcium carbonate, calcium phosphate, potassium chloride, sodium chloride, potassium citrate, l-carnitine, magnesium phosphate, calcium ascorbate, choline bitartrate, inositol, potassium iodide, ferrous sulfate, d-alpha tocopheryl acetate, zinc sulfate, vitamin c palmitate, niacinamide, calcium pantothenate, biotin, vitamin a, thiamin hydrochloride, copper sulfate, riboflavin, mixed tocopherols, pyridoxine hydrochloride, sodium selenate, manganese sulfate, phylloquinone, folic acid, vitamin d3, vitamin b12.			2	NT	ND	ND	ND	126	6210000	ND	ND	ND	ND	2026
108	Bubs	"Stage 1 Easy-digest
Goat Milk"	https://www.bubsaustralia.com/products/bubs-goat-milk-infant-formula-s1-800g	Lactose, Goat Milk Solids (Goat Full Cream Milk Solids, Goat Whey Protein Concentrate) 28%, Vegetable Oil Blend (Sustainable Palm Olein, High Oleic Sunflower Oil, Canola Oil, Sunflower Oil, Coconut Oil), Galacto-Oligosaccharide (GOS), Docosahexaenoic Acid (DHA, From Alage), Emulsifier (Soybean Lecithin), Arachidonic Acid (ARA), Choline Bitartrate, Inositol, Taurine, Antioxidants (α-Tocopherol, Ascorbyl Palmitate), L-Carnitine. Vitamins: Sodium Ascorbate, dl-α-Tocopheryl Acetate, Vitamin A Acetate, Niacinamide, Calcium Pantothenate, Cyanocobalamin, Cholecalciferol, d-Biotin, Folic Acid, Phytonadione, Thiamine Hydrochloride, Riboflavin, Pyridoxine Hydrochloride. Minerals: Sodium Citrate, Calcium Carbonate, Potassium Chloride, Ferrous Sulphate, Magnesium Sulphate, Magnesium Chloride, Calcium Phosphate, Zinc Sulphate, Copper Sulphate, Manganese Sulphate, Potassium Iodide, Potassium Phosphate, Sodium Selenite.			2.8	NT	ND	ND	ND	318	6310000	ND	ND	ND	ND	2025
109	Bubs	"Stage 1 Organic
Grass Fed"	https://www.bubsaustralia.com/products/bubs-organic-infant-formula-s1-800g-x-1	Organic Lactose, Organic Vegetable Oil Blend (High Oleic Sunflower, Coconut, Soy, Canola), Organic Whole Milk Powder, Organic Whey Protein Concentrate, Organic Skim Milk Powder, Organic Galacto-Oligosaccharide (GOS), Emulsifier (Soy Lecithin), Docosahexaenoic Acid (DHA, from Algae), Arachidonic Acid (ARA), Probiotic Bifidobacterium longum BB536. Vitamins: Ascorbic Acid, dl-α-Tocopheryl Acetate, Vitamin A Acetate, Niacinamide, Calcium Pantothenate, Cholecalciferol, Thiamine Hydrochloride, Cyanocobalamin, Phytonadione, Pyridoxine Hydrochloride, Folic Acid, D-Biotin Minerals: Potassium Phosphate, Calcium Phosphate, Magnesium Chloride, Sodium Chloride, Calcium Carbonate, Potassium Chloride, Ferrous Sulphate, Potassium Citrate, Sodium Citrate, Zinc Sulphate, Copper Sulphate, Manganese Sulphate, Potassium Iodide, Sodium Selenite.			2.9	NT	1.9	1.9	ND	1985	6135000	ND	ND	ND	ND	2025
110	ByHeart	Whole Nutrition	https://www.samsclub.com/ip/byheart-whole-nutrition-powder-infant-formula-for-0-12-months-24oz-canister/17596850186	"""ORGANIC WHOLE MILK*, LACTOSE, ORGANIC VEGETABLE OILS (ORGANIC HIGH OLEIC SUNFLOWER, ORGANIC, LOW ERUCIC RAPESEED, ORGANIC COCONUT, ORGANIC SUNFLOWER), ORGANIC GALACTOOLIGOSACCHARIDES°, ALPHA-LACTALBUMIN ** WHEY PROTEIN, WHEY PROTEIN HYDROLYSATE, LESS THAN 1%: LACTOFERRIN *** , DHA ALGAL OIL8 (SCHIZOCHYTRIUM), MORTIERELLA ALPINA OIL*, VITAMIN A PALMITATE, VITAMIN D3, VITAMIN E ACETATE, VITAMIN K1, THIAMINE HYDROCHLORIDE, RIBOFLAVIN, VITAMIN B6 HYDROCHLORIDE, VITAMIN B12, NIACINAMIDE, CALCIUM PANTOTHENATE, FOLIC ACID, BIOTIN, ASCORBIC ACID, MIXED TOCOPHEROLS, ASCORBYL PALMITATE, L-CARNITINE, INOSITOL, CALCIUM PHOSPHATE, SODIUM CITRATE, CALCIUM CARBONATE, POTASSIUM CITRATE, FERROUS SULFATE, POTASSIUM CHLORIDE, MAGNESIUM PHOSPHATE, CALCIUM CHLORIDE, ZINC SULFATE, CUPRIC SULFATE, MANGANESE SULFATE, POTASSIUM IODIDE, SODIUM SELENATE, POTASSIUM BICARBONATE, CHOLINE CHLORIDE. CONTAINS: MILK *FIRST US INFANT FORMULA TO INCLUDE ORGANIC, GRASS-FED WHOLE MILK ** FIRST US INFANT FORMULA AT BREAST MILK LEVELS *** A KEY PROTEIN FOUND IN BREAST MILK AND COLOSTRUM °A PREBIOTIC FIBER"""			ND	NT	3.5	3.9	ND	1280	6320000	ND	ND	ND	ND	2025
111	Dr. Brown’s	GentlePro	https://www.goodstartbaby.com/products/gentle-pro-infant-formula-powder?variant=49188795384117	Ingredients: Whey Protein Concentrate (From Milk, Enzymatically Hydrolyzed, Reduced In Minerals), Vegetable Oils (Palm Olein, Soy, Coconut, High Oleic Safflower or High Oleic Sunflower), Lactose, Corn Maltodextrin, and Less Than 2% of: Potassium Hydroxide, Calcium Chloride, Potassium Phosphate, Calcium Phosphate, Choline Bitartrate, 2'-O-Fucosyllactose, Citric Acid, M. Alpina Oil, Schizochytrium Oil, Sodium Ascorbate, Magnesium Chloride, Sodium Citrate, Soy Lecithin, Taurine, Nucleotides (Cytidine 5'-Monophosphate, Disodium Uridine 5'-Monophosphate, Adenosine 5'-Monophosphate, Disodium Guanosine 5'-Monophosphate), Inositol, Ferrous Sulfate, Alpha-Tocopheryl Acetate, Mixed Tocopherols, Ascorbyl Palmitate, Zinc Sulfate, Niacinamide, Calcium Pantothenate, B. lactis cultures, L-Carnitine, Copper Sulfate, Riboflavin, Thiamine Mononitrate, Vitamin A Acetate, Pyridoxine Hydrochloride, Manganese Sulfate, Potassium Iodide, Folic Acid, Phylloquinone, Biotin, Sodium Selenate, Vitamin D3, Vitamin B12.			4.4	NT	ND	ND	ND	148	6270000	ND	ND	ND	ND	2025
112	Dr. Brown’s	Good Start Soy-Ease Pro	https://www.goodstartbaby.com/products/soy-ease-pro-infant-formula-powder?variant=49188736008501	Ingredients: Corn Syrup, Soy Protein Isolate, Palm Olein, Soy Oil, Coconut Oil, High Oleic (Safflower or Sunflower) Oil, and Less Than 2% of: Mortierella Alpina Oil, Schizochytrium Sp. Oil, Lutein, Fructooligosaccharide, Calcium Phosphate, Potassium Citrate, Potassium Chloride, Magnesium Chloride, Sodium Citrate, Ascorbic Acid, Choline Bitartrate, L-Methionine, Taurine, Ascorbyl Palmitate, Ferrous Sulfate, Inositol, Mixed Tocopherol Concentrate, Zinc Sulfate, Vitamin E (dl-Alpha Tocopheryl Acetate), L-Carnitine, Niacinamide, Calcium Pantothenate, Cupric Sulfate, Thiamine Hydrochloride, Vitamin A Palmitate, Riboflavin, Pyridoxine Hydrochloride, Folic Acid, Potassium Iodide, Potassium Hydroxide, Vitamin K (Phytonadione), Biotin, Sodium Selenite, Beta-Carotene, Vitamin D (Cholecalciferol), Cyanocobalamin, Monoglycerides, Soy Lecithin, Tribasic Calcium Phosphate, Calcium Carbonate, Manganese Sulfate, Potassium Bicarbonate			9.9	7.9	2.3	4.3	0.5	4403	6806667	ND	ND	ND	ND	2026
113	Dr. Brown’s	SoothePro	https://www.goodstartbaby.com/products/soothe-pro-infant-formula-powder?variant=49188804755765	Ingredients: Corn Maltodextrin, Whey Protein Concentrate (From Milk, Enzymatically Hydrolyzed, Reduced in Minerals), Vegetable Oils (Palm Olein, Soy, Coconut, High Oleic Safflower or High Oleic Sunflower), and Less than 2% of: Potassium Hydroxide, Calcium Chloride, Potassium Phosphate, Calcium Phosphate, Citric Acid, Choline Bitartrate, 2'-O-Fucosyllactose, M. Alpina Oil, Schizochytrium Oil, Sodium Ascorbate, Magnesium Chloride, Sodium Citrate, Lactobacillus reuteri (Dsm 17938) Cultures, Soy Lecithin, Taurine, Nucleotides (Cytidine 5'-Monophosphate, Disodium Uridine 5'-Monophosphate, Adenosine 5'-Monophosphate, Disodium Guanosine 5'-Monophosphate), Inositol, Ferrous Sulfate, Alpha-Tocopheryl Acetate, Ascorbyl Palmitate, Mixed Tocopherols, Zinc Sulfate, Niacinamide, Calcium Pantothenate, L-Carnitine, Copper Sulfate, Vitamin A Acetate, Riboflavin, Thiamine Mononitrate, Pyridoxine Hydrochloride, Manganese Sulfate, Potassium Iodide, Folic Acid, Phylloquinone, Biotin, Sodium Selenate, Vitamin D3, Vitamin B12.			9.3	8.1	ND	ND	ND	280	6600000	ND	ND	ND	ND	2025
114	Earth’s Best	Organic Dairy	https://www.earthsbest.com/products/dairy-infant-formula-23-2oz	Organic lactose, organic nonfat milk, organic oils (organic palm or palm olein, organic soy, organic coconut, organic high oleic safflower oil or sunflower oil), organice whey protein concentrate, less than 1: of: mortierella alpina oil*, schizochytrium sp. oil **, fructooligosaccharides, lutein, l-carnitine, vitamin a palmitate, beta-carotene, vitamin d (cholecalciferol), vitamin e (dl-alpha tocopheryl acetate), mixed tocopherol concentrate, vitamin k (phyonadione), ascorbyl palmitate, thiamine hydrochloride, riboflavin, pyridoxine hydrochloride, cyanocobalamin, niacinamide, folic acid, calcium pantothenate, biotin, ascorbic acid, choline bitartrate, inositol, calcium carbonate, calcium chloride, calcium hydroxide, ferrous sulfate, zinc sulfate, manganese sulfate, cupric sulfate, magnesium phosphate, potassium bicarbonate, potassium chloride, potassium iodide, potassium hydroxide, potassium phosphate, sodium selenite, sodium citrate, taurine, organic soy lecithin, nucleotides (cytidine-5'-monophosphate, adenosine-5'-monophosphate, disodium uridine-5'-monophosphate, disodium guanosine-5'-monophosphate, disodium inosine-5'-monophosphate). 			ND	NT	1.8	ND	ND	477	6375000	ND	ND	ND	ND	2025
115	Earth’s Best	Organic Sensitivity	https://www.earthsbest.com/products/sensitivity-infant-formula-23-2oz	Organic glucose syrup solids, organic palm oil or palm olein, organic whey protein concentrate, organic milk protein concentrate, organic soy oil, organic coconut oil, organic high oleic (safflower or sunflower) oil, less than 1%: mortierella alpina oil*, schizochytrium sp. oil**, fructooligosaccharide (fos), lutein, l-carnitine, vitamin a palmitate, beta-carotene, vitamin d (cholecalciferol), vitamin k (phytonadione), mixed tocopherol concentrate, vitamin e (dl-alpha tocopheryl acetate), ascorbyl palmitate, thiamine hydrochloride, riboflavin, pyridoxine hydrochloride, cyanocobalamin, niacinamide, folic acid, calcium pantothenate, biotin, ascorbic acid, choline chloride, inositol, calcium chloride, calcium hydroxide, calcium phosphate, ferrous sulfate, zinc sulfate, manganese sulfate, cupric sulfate, magnesium phosphate, potassium bicarbonate, potassium chloride, potassium iodide, potassium hydroxide, sodium selenite, sodium citrate, taurine, organic soy lecithin, nucleotides (adenosine-5’-monophosphate, cytidine-5’-monophosphate, disodium guanosine-5’-monophosphate, disodium inosine-5’-monophosphate, disodium uridine-5’-monophosphate).			3	NT	1.9	ND	ND	316	4956667	ND	ND	ND	ND	2026
116	EleCare	Hypoallergenic	https://www.elecare.com/product-information/elecare	Corn Syrup Solids (55%), High Oleic Safflower Oil (9%), Medium Chain Triglycerides (8%), Soy Oil (7%), L-Glutamine (2%). Less than 2% of: Schizochytrium Sp. Oil*, M. Alpina Oil†, L-Asparagine, L-Leucine, L-Lysine, DATEM, Calcium Phosphate, L-Valine, Potassium Phosphate, L-Isoleucine, L-Arginine, L-Phenylalanine, L-Tyrosine, L-Threonine, Potassium Citrate, Sodium Citrate, L-Proline, L-Serine, L-Alanine, Glycine, L-Histidine, L-Methionine, Ascorbic Acid, Magnesium Chloride, Calcium Carbonate, L-Cystine Dihydrochloride, L-Tryptophan, Salt, Choline Chloride, Inositol, Ferrous Sulfate, Taurine, Ascorbyl Palmitate, Zinc Sulfate, dl-Alpha-Tocopheryl Acetate, L-Carnitine, Niacinamide, Calcium Pantothenate, Thiamine Hydrochloride, Copper Sulfate, Manganese Sulfate, Vitamin A Palmitate, Riboflavin, Pyridoxine Hydrochloride, Folic Acid, Beta-Carotene, Biotin, Phylloquinone, Chromium Chloride, Potassium Iodide, Sodium Selenate, Sodium Molybdate, Vitamin D3, and Vitamin B12.			23.9	19.7	3	ND	ND	1218	7335000	ND	ND	ND	ND	2025
117	Enfamil	24 Ready to Feed	https://www.enfamil.com/products/enfamil-24-calorie-formula/liquid-2-fl-oz-2-fl-oz-6-bottles/	Water, Nonfat Milk, Lactose, Vegetable Oil (contains one or more of the following: Palm Olein Oil, Coconut Oil, Soy Oil, High Oleic Sunflower Oil), and less than 2%: Whey Protein Concentrate, Galactooligosaccharides*, Polydextrose*, Mortierella Alpina Oil†, Schizochytrium Sp. Oil‡, Potassium Citrate, Calcium Phosphate, Calcium Chloride, Magnesium Phosphate, Sodium Chloride, Calcium Carbonate, Ferrous Sulfate, Sodium Citrate, Zinc Sulfate, Cupric Sulfate, Manganese Sulfate, Potassium Iodide, Sodium Selenite, Mono- and Diglycerides, Ascorbic Acid, Sodium Ascorbate, Vitamin E Acetate, Niacinamide, Calcium Pantothenate, Vitamin A Palmitate, Riboflavin, Thiamin Hydrochloride, Vitamin B6 Hydrochloride, Folic Acid, Vitamin K1, Vitamin B12, Vitamin D3, Biotin, Soy Lecithin, Carrageenan, Choline Chloride, Inositol, Nucleotides (Cytidine 5'-Monophosphate, Disodium Uridine 5'-Monophosphate, Adenosine 5'-Monophosphate, Disodium Guanosine 5'-Monophosphate), Taurine, L-carnitine.			0.7	0.8	0.4	ND	ND	162	1140000	ND	ND	ND	ND	2026
118	Enfamil	A.R.	https://www.enfamil.com/products/enfamil-ar-infant-formula/powder-tub-19-5-oz-tub/	Nonfat Milk, Vegetable Oil (contains one or more of the following: Palm Olein Oil, Coconut Oil, Soy Oil, and High Oleic Sunflower Oil), Rice Starch, Lactose, Maltodextrin, Galactooligosaccharides*, Polydextrose*, and less than 1%: Mortierella Alpina Oil†, Schizochytrium Sp. Oil‡, Calcium Carbonate, Ferrous Sulfate, Zinc Sulfate, Sodium Citrate, Potassium Chloride, Magnesium Oxide, Potassium Citrate, Potassium Iodide, Cupric Sulfate, Manganese Sulfate, Sodium Selenite, Choline Chloride, Ascorbic Acid, Niacinamide, Calcium Pantothenate, Vitamin D3, Riboflavin, Thiamin Hydrochloride, Vitamin B6 Hydrochloride, Folic Acid, Vitamin K1, Biotin, Vitamin B12, Inositol, Vitamin E Acetate, Vitamin A Palmitate, Taurine, L-carnitine.			2.3	NT	1.5	2.3	ND	215	5940000	ND	ND	ND	ND	2025
119	Enfamil	Concentrated	https://www.walmart.com/ip/Enfamil-Concentrated-Liquid-Baby-Formula-with-Iron-13-fl-oz-Can/16940595	WATER, NONFAT MILK, LACTOSE, VEGETABLE OIL (PALM OLEIN, SOY, COCONUT AND HIGH OLEIC SUNFLOWER OILS) AND LESS THAN 2%: GALACTOOLIGOSACCHARIDES*, POLYDEXTROSE*, MORTIERELLA ALPINA OIL†, CRYPTHECODINIUM COHNII OIL‡, WHEY PROTEIN CONCENTRATE, POTASSIUM CITRATE, CALCIUM CARBONATE, CALCIUM PHOSPHATE, MAGNESIUM PHOSPHATE, CALCIUM CHLORIDE, SODIUM CHLORIDE, FERROUS SULFATE, SODIUM CITRATE, ZINC SULFATE, CUPRIC SULFATE, MANGANESE SULFATE, POTASSIUM IODIDE, SODIUM SELENITE, SOY LECITHIN, MONO- AND DIGLYCERIDES, ASCORBIC ACID, SODIUM ASCORBATE, VITAMIN E ACETATE, NIACINAMIDE, CALCIUM PANTOTHENATE, VITAMIN A PALMITATE, THIAMIN HYDROCHLORIDE, RIBOFLAVIN, VITAMIN B6 HYDROCHLORIDE, FOLIC ACID, VITAMIN K1, BIOTIN, VITAMIN D3, VITAMIN B12, CHOLINE CHLORIDE, CARRAGEENAN, INOSITOL, NUCLEOTIDES (CYTIDINE 5’ MONOPHOSPHATE, DISODIUM URIDINE 5’-MONOPHOSPHATE, ADENOSINE 5’-MONOPHOSPHATE, DISODIUM GUANOSINE 5’-MONOPHOSPHATE), TAURINE, L-CARNITINE.			0.7	NT	0.6	0.7	ND	166	1713333	ND	ND	ND	ND	2026
120	Enfamil	Enspire Optimum	https://www.enfamil.com/products/enfamil-optimum-infant-formula/powder-tub-20-5-oz-tub/	Nonfat Milk, Lactose, Vegetable Oil (contains one or more of the following: Palm Olein Oil, Coconut Oil, Soy Oil, High Oleic Sunflower Oil), Whey Protein Concentrate*, and less than 2%: Lacto-N-neotetraose†, 2'-Fucosyllactose†, Lactoferrin, Mortierella Alpina Oil‡, Schizochytrium Sp. Oil§, Calcium Carbonate, Calcium Phosphate, Cupric Sulfate, Ferrous Sulfate, Magnesium Oxide, Manganese Sulfate, Potassium Chloride, Potassium Citrate, Potassium Iodide, Sodium Chloride, Sodium Selenite, Zinc Sulfate, Soy Lecithin, Choline Chloride, Inositol, Ascorbic Acid, Biotin, Calcium Pantothenate, Folic Acid, Niacinamide, Riboflavin, Thiamin Hydrochloride, Vitamin B12, Vitamin B6 Hydrochloride, Vitamin D3, Vitamin K1, Vitamin E Acetate, Vitamin A Palmitate, Taurine, L-carnitine.			ND	NT	ND	2.3	ND	ND	5805000	ND	ND	ND	ND	2025
121	Enfamil	Gentlease	https://www.enfamil.com/products/enfamil-gentlease-formula/powder-can-19-9-oz-can/	Corn Syrup Solids, Partially Hydrolyzed Nonfat Milk and Whey Protein Concentrate Solids (Soy), Vegetable Oil (contains one or more of the following: Palm Olein Oil, Soy Oil, Coconut Oil, And High Oleic Sunflower Oil), and less than 2%: Mortierella Alpina Oil*, Schizochytrium Sp. Oil†, Vitamin A Palmitate, Vitamin D3, Vitamin E Acetate, Vitamin K1, Thiamin Hydrochloride, Riboflavin, Vitamin B6 Hydrochloride, Vitamin B12, Niacinamide, Folic Acid, Calcium Pantothenate, Biotin, Ascorbic Acid, Choline Chloride, Inositol, Calcium Carbonate, Calcium Phosphate, Magnesium Phosphate, Ferrous Sulfate, Zinc Sulfate, Manganese Sulfate, Cupric Sulfate, Sodium Selenite, Sodium Citrate, Potassium Chloride, Potassium Iodide, Taurine, L-carnitine.			3.7	NT	1.5	3.6	ND	1480	7425000	ND	ND	ND	ND	2025
122	Enfamil	Infant Formula	https://hcp.meadjohnson.com/products/enfamil-infant	Ingredients: Powder: Nonfat milk, lactose, vegetable oil (palm olein, coconut, soy and high oleic sunflower oils), whey protein concentrate and less than 2%: galactooligosaccharides*, polydextrose*, Mortierella alpina oil†, Crypthecodinium cohnii oil‡, calcium carbonate, potassium citrate, ferrous sulfate, potassium chloride, magnesium oxide, sodium chloride, zinc sulfate, cupric sulfate, manganese sulfate, potassium iodide, sodium selenite, soy lecithin, choline chloride, ascorbic acid, niacinamide, calcium pantothenate, vitamin A palmitate, vitamin B12, vitamin D3, riboflavin, thiamin hydrochloride, vitamin B6 hydrochloride, folic acid, vitamin K1, biotin, inositol, vitamin E acetate, nucleotides (cytidine 5’-monophosphate, disodium uridine 5’-monophosphate, adenosine 5’-monophosphate, disodium guanosine 5’-monophosphate), taurine, L-carnitine.			ND	NT	ND	4.4	0.6	142	6413333	ND	ND	ND	ND	2026
123	Enfamil	NeuroPro	https://www.enfamil.com/products/enfamil-neuropro-infant-formula/powder-tub-20-7-oz-tub/	Nonfat Milk, Lactose, Vegetable Oil (contains one or more of the following: Palm Olein Oil, Coconut Oil, Soy Oil, High Oleic Sunflower Oil), Whey Protein Concentrate*, and less than 2%: 2'-Fucosyllactose†, Galactooligosaccharides‡, Polydextrose‡, Mortierella Alpina Oil§, Schizochytrium Sp. Oil||, Calcium Carbonate, Calcium Phosphate, Cupric Sulfate, Ferrous Sulfate, Magnesium Oxide, Manganese Sulfate, Potassium Chloride, Potassium Citrate, Potassium Iodide, Sodium Chloride, Sodium Selenite, Zinc Sulfate, Soy Lecithin, Choline Chloride, Inositol, Ascorbic Acid, Biotin, Calcium Pantothenate, Folic Acid, Niacinamide, Riboflavin, Thiamin Hydrochloride, Vitamin B12, Vitamin B6 Hydrochloride, Vitamin D3, Vitamin K1, Vitamin E Acetate, Vitamin A Palmitate, Taurine, L-carnitine.			ND	NT	ND	1.4	ND	89	6253333	ND	ND	ND	ND	2025
124	Enfamil	NeuroPro Enfacare	https://hcp.meadjohnson.com/products/enfamil-neuropro-enfacare	Ingredients: Powder: Nonfat milk, whey protein concentrate, corn syrup solids, lactose, high oleic sunflower oil, soy oil, medium chain triglycerides (MCT oil), whey-protein lipid concentrate‡, coconut oil and less than 2%: Mortierella alpina oil§, Schizochytrium sp. oil||, calcium phosphate, calcium carbonate, ferrous sulfate, magnesium phosphate, zinc sulfate, potassium citrate, sodium chloride, cupric sulfate, manganese sulfate, sodium selenite, potassium iodide, soy lecithin, inositol, vitamin A palmitate, ascorbic acid, niacinamide, calcium pantothenate, thiamin hydrochloride, riboflavin, vitamin B6 hydrochloride, vitamin D3, folic acid, vitamin K1, biotin, vitamin B12, choline chloride, vitamin E acetate, nucleotides (cytidine 5’-monophosphate, adenosine 5’-monophosphate, disodium uridine 5’-monophosphate, disodium guanosine 5’-monophosphate), taurine, L-carnitine.			5.2	3.8	ND	3.1	ND	420	6960000	ND	ND	ND	ND	2026
125	Enfamil	"NeuroPro EnfaCare Ready
to Feed"	https://www.enfamil.com/products/enfamil-neuropro-enfacare-formula/liquid-2-fl-oz-2-fl-oz-bottles-6-bottles/	Water, Nonfat Milk, Maltodextrin, Whey Protein Concentrate*, Lactose, High Oleic Sunflower Oil, Soy Oil, Medium Chain Triglycerides (Mct Oil), Coconut Oil, and less than 0.5%: Mortierella Alpina Oil†, Schizochytrium Sp. Oil‡, Mono- and Diglycerides, Soy Lecithin, Calcium Phosphate, Potassium Citrate, Calcium Citrate, Magnesium Phosphate, Sodium Chloride, Potassium Chloride, Sodium Citrate, Ferrous Sulfate, Zinc Sulfate, Cupric Sulfate, Potassium Iodide, Manganese Sulfate, Sodium Selenite, Carrageenan, Ascorbic Acid, Vitamin E Acetate, Niacinamide, Calcium Pantothenate, Thiamin Hydrochloride, Vitamin A Palmitate, Riboflavin, Vitamin B6 Hydrochloride, Folic Acid, Vitamin D3, Vitamin K1, Biotin, Vitamin B12, Choline Chloride, Inositol, Nucleotides (Cytidine 5'-Monophosphate, Disodium Uridine 5'-Monophosphate, Adenosine 5'-Monophosphate, Disodium Guanosine 5'-Monophosphate), Taurine, L-carnitine.			0.9	1	ND	ND	ND	81	1015333	ND	ND	ND	ND	2026
126	Enfamil	NeuroPro Gentlease	https://www.enfamil.com/products/enfamil-neuropro-gentlease-formula/powder-tub-19-5-oz-tub/	Corn Syrup Solids, Partially Hydrolyzed Nonfat Milk and Whey Protein Concentrate Solids (Soy)‡, Vegetable Oil (contains one or more of the following: Palm Olein Oil, Coconut Oil, Soy Oil, High Oleic Sunflower Oil), and less than 2%: Galactooligosaccharides§, Polydextrose§, 2'-Fucosyllactose||, Mortierella Alpina Oil¶, Schizochytrium Sp. Oil**, Calcium Carbonate, Sodium Citrate, Calcium Phosphate, Potassium Chloride, Magnesium Phosphate, Ferrous Sulfate, Zinc Sulfate, Cupric Sulfate, Manganese Sulfate, Potassium Iodide, Sodium Selenite, Choline Chloride, Inositol, Ascorbic Acid, Niacinamide, Calcium Pantothenate, Riboflavin, Thiamin Hydrochloride, Vitamin D3, Vitamin B6 Hydrochloride, Folic Acid, Vitamin K1, Biotin, Vitamin B12, Vitamin E Acetate, Vitamin A Palmitate, Soy Lecithin, Taurine, L-carnitine.			5.4	NT	1.6	2.7	ND	141	7840000	ND	ND	ND	ND	2025
127	Enfamil	"NeuroPro Gentlease Ready
to Feed"	https://www.enfamil.com/products/enfamil-neuropro-gentlease-formula/liquid-32-fl-oz-32-fl-oz-bottle/	Water, Corn Syrup Solids, Partially Hydrolyzed Nonfat Milk And Whey Protein Concentrate Solids (Soy)‡‡, Vegetable Oil (contains one or more of the following: Palm Olein Oil, Coconut Oil, Soy Oil, High Oleic Sunflower Oil), and less than 2%: Galactooligosaccharides§§, Polydextrose§§, 2'-Fucosyllactose‖‖, Mortierella Alpina Oil¶¶, Schizochytrium Sp. Oil##, Rice Starch, Calcium Phosphate, Calcium Carbonate, Magnesium Phosphate, Potassium Chloride, Potassium Citrate, Sodium Chloride, Ferrous Sulfate, Zinc Sulfate, Cupric Sulfate, Manganese Sulfate, Potassium Iodide, Sodium Selenite, Ascorbic Acid, Vitamin E Acetate, Niacinamide, Calcium Pantothenate, Vitamin A Palmitate, Riboflavin, Thiamin Hydrochloride, Vitamin B6 Hydrochloride, Folic Acid, Vitamin K1, Biotin, Vitamin D3, Vitamin B12, Diacetyl Tartaric Acid Ester Of Mono- and Diglycerides (DATEM), Choline Chloride, Inositol, Soy Lecithin, Taurine, L-carnitine.			1.2	1.2	ND	ND	ND	123	901000	ND	ND	ND	ND	2026
128	Enfamil	NeuroPro Ready to Feed	https://www.enfamil.com/products/enfamil-neuropro-infant-formula/liquid-32-fl-oz-32-fl-oz-bottle/	Water, Nonfat Milk, Lactose, Vegetable Oil (contains one or more of the following: Palm Olein Oil, Coconut Oil, Soy Oil, High Oleic Sunflower Oil), and less than 2%: 2'-Fucosyllactose*, Whey Protein Concentrate†, Galactooligosaccharides‡, Polydextrose‡, Mortierella Alpina Oil§, Schizochytrium Sp. Oil||, Potassium Citrate, Calcium Carbonate, Calcium Chloride, Magnesium Phosphate, Sodium Chloride, Calcium Phosphate, Ferrous Sulfate, Zinc Sulfate, Cupric Sulfate, Manganese Sulfate, Sodium Selenite, Potassium Iodide, Mono- and Diglycerides, Soy Lecithin, Ascorbic Acid, Sodium Ascorbate, Vitamin E Acetate, Niacinamide, Calcium Pantothenate, Vitamin A Palmitate, Thiamin Hydrochloride, Riboflavin, Vitamin B6 Hydrochloride, Folic Acid, Vitamin K1, Biotin, Vitamin B12, Carrageenan, Choline Chloride, Inositol, Vitamin D3, Taurine, L-carnitine.			ND	NT	ND	ND	0.27	44	879667	ND	ND	ND	ND	2026
129	Enfamil	Nutramigen	https://www.enfamil.com/products/nutramigen-powder-infant-formula/powder-can-12-6-oz-can/	Corn Syrup Solids (47%), Vegetable Oil (contains one or more of the following: Palm Olein Oil, Coconut Oil, Soy Oil, High Oleic Sunflower Oil) (26%), Casein Hydrolysate (Milk)* (17%), Modified Corn Starch (4%), and less than 2%: Mortierella Alpina Oil†, Schizochytrium Sp. Oil‡, Lactobacillus Rhamnosus§, Calcium Citrate, Calcium Phosphate, Potassium Chloride, Potassium Citrate,Sodium Citrate,Calcium Hydroxide, Magnesium Oxide, Ferrous Sulfate, Zinc Sulfate, Cupric Sulfate, Manganese Sulfate, Sodium Iodide, Sodium Selenite, Choline Chloride, Ascorbic Acid, Niacinamide, Calcium Pantothenate, Vitamin D3, Thiamin Hydrochloride, Riboflavin, Vitamin B6 Hydrochloride, Folic Acid, Vitamin K1, Biotin, Vitamin B12, Inositol, Vitamin A Palmitate, Vitamin E Acetate, L-cystine, L-tyrosine, L-tryptophan, Taurine, L-carnitine.			5.9	NT	4.2	2	ND	1645	6540000	4.8	ND	ND	19	2025
130	Enfamil	Nutramigen Ready to Feed	https://www.enfamil.com/products/nutramigen-liquid-formula/liquid-32-fl-oz-32-fl-oz-bottle/	Water (87%), Corn Syrup Solids (5%), Vegetable Oil (Palm Olein Oil, Coconut Oil, Soy Oil, High Oleic Sunflower Oil) (3%), Casein Hydrolysate* (Milk) (2%), and less than 2%: Mortierella Alpina Oil†, Schizochytrium Sp. Oil‡, Modified Corn Starch, Calcium Phosphate, Potassium Chloride, Calcium Carbonate, Potassium Citrate, Sodium Citrate, Magnesium Oxide, Ferrous Sulfate, Zinc Sulfate, Cupric Sulfate, Manganese Sulfate, Potassium Iodide, Sodium Selenite, Carrageenan, Citric Acid, Ascorbic Acid, Vitamin E Acetate, Niacinamide, Calcium Pantothenate, Vitamin A Palmitate, Thiamin Hydrochloride, Riboflavin, Vitamin B6 Hydrochloride, Vitamin D3, Folic Acid, Vitamin K1, Biotin, Vitamin B12, Choline Chloride, Inositol, Taurine, L-cystine, L-tyrosine, L-tryptophan, L-carnitine.			1.3	1	ND	0.5	ND	274	854333	ND	ND	ND	ND	2026
131	Enfamil	"Nutramigen with Probiotic
LGG"	https://www.enfamil.com/products/nutramigen-powder-infant-formula/powder-can-27-8-oz-can-super-saver-pack/	Corn Syrup Solids (47%), Vegetable Oil (contains one or more of the following: Palm Olein Oil, Coconut Oil, Soy Oil, High Oleic Sunflower Oil) (26%), Casein Hydrolysate (Milk)* (17%), Modified Corn Starch (4%), and less than 2%: Mortierella Alpina Oil†, Schizochytrium Sp. Oil‡, Lactobacillus Rhamnosus§, Calcium Citrate, Calcium Phosphate, Potassium Chloride, Potassium Citrate,Sodium Citrate,Calcium Hydroxide, Magnesium Oxide, Ferrous Sulfate, Zinc Sulfate, Cupric Sulfate, Manganese Sulfate, Sodium Iodide, Sodium Selenite, Choline Chloride, Ascorbic Acid, Niacinamide, Calcium Pantothenate, Vitamin D3, Thiamin Hydrochloride, Riboflavin, Vitamin B6 Hydrochloride, Folic Acid, Vitamin K1, Biotin, Vitamin B12, Inositol, Vitamin A Palmitate, Vitamin E Acetate, L-cystine, L-tyrosine, L-tryptophan, Taurine, L-carnitine.			8.4	7.6	5.7	2.1	ND	2187	6970000	8	ND	ND	12	2026
132	Enfamil	Optimum Ready to Feed	https://www.enfamil.com/products/enfamil-optimum-infant-formula-liquid/liquid-32-fl-oz-32-fl-oz-bottle/	Water, Nonfat Milk, Lactose, Vegetable Oil (contains one or more of the following: Palm Olein Oil, Coconut Oil, Soy Oil, High Oleic Sunflower Oil), and less than 2%: Lacto-N-neotetraose*, 2'-Fucosyllactose*, Whey Protein Concentrate†, Mortierella Alpina Oil‡, Schizochytrium Sp. Oil§, Potassium Citrate, Calcium Carbonate, Calcium Chloride, Magnesium Phosphate, Sodium Chloride, Calcium Phosphate, Ferrous Sulfate, Zinc Sulfate, Cupric Sulfate, Manganese Sulfate, Sodium Selenite, Potassium Iodide, Mono- And Diglycerides, Soy Lecithin, Ascorbic Acid, Sodium Ascorbate, Vitamin E Acetate, Niacinamide, Calcium Pantothenate, Vitamin A Palmitate, Thiamin Hydrochloride, Riboflavin, Vitamin B6 Hydrochloride, Folic Acid, Vitamin K1, Biotin, Vitamin B12, Carrageenan, Choline Chloride, Inositol, Vitamin D3, Taurine, L-carnitine.			ND	NT	ND	ND	ND	17	897667	ND	ND	ND	ND	2026
133	Enfamil	"Pregestimil Hypoallergenic
Infant Formula for Fat Mal-
absorption Ready to Feed"	https://www.enfamil.com/products/pregestimil-powder-formula/powder-can-1-lb-can/	Corn Syrup Solids (43%), Casein Hydrolysate* (from Milk) (17%), Medium Chain Triglycerides (MCT Oil) (16%), Soy Oil (8%), Modified Corn Starch (5%), Corn Oil (2%), High Oleic Vegetable Oil (Safflower or Sunflower) (2%), and less than 2%: Mortierella Alpina Oil†, Schizochytrium Sp. Oil‡, Vitamin A Palmitate, Vitamin D3, Vitamin E Acetate, Vitamin K1, Thiamin Hydrochloride, Riboflavin, Vitamin B6 Hydrochloride, Vitamin B12, Niacinamide, Folic Acid, Calcium Pantothenate, Biotin, Ascorbic Acid, Choline Chloride, Inositol, Calcium Citrate, Calcium Phosphate, Magnesium Oxide, Ferrous Sulfate, Zinc Sulfate, Manganese Sulfate, Cupric Sulfate, Sodium Iodide, Sodium Citrate, Potassium Citrate, Potassium Chloride, Sodium Selenite, L-cystine, L-tyrosine, L-tryptophan, Taurine, L-carnitine.			1.2	1.2	0.5	0.6	ND	607	893667	ND	ND	ND	ND	2026
134	Enfamil	"ProSobee Simply
Plant-Based"	https://www.enfamil.com/products/enfamil-prosobee-formula/powder-can-20-9-oz-can/	Corn Syrup Solids (55%), Vegetable Oil (26%) (Palm Olein, Coconut, Soy, and High Oleic Sunflower Oils), Soy Protein Isolate (15%), and less than 2%: Mortierella Alpina Oil*, Schizochytrium Sp. Oil†, Calcium Carbonate, Calcium Phosphate, Cupric Sulfate, Ferrous Sulfate, Magnesium Phosphate, Manganese Sulfate, Potassium Chloride, Potassium Citrate, Potassium Iodide, Sodium Citrate, Sodium Selenite, Zinc Sulfate, L-Methionine, Choline Chloride, Ascorbic Acid, Biotin, Calcium Pantothenate, Folic Acid, Niacinamide, Riboflavin, Thiamin Hydrochloride, Vitamin B12, Vitamin B6 Hydrochloride, Vitamin D3, Vitamin K1, Inositol, Taurine, Vitamin E Acetate, L-carnitine, Vitamin A Palmitate.			10.3	7.9	2.8	6.2	ND	2085	7390000	ND	ND	ND	ND	2025
135	Enfamil	"ProSobee Simply Plant-
Based"	https://www.enfamil.com/products/enfamil-prosobee-formula/powder-can-20-9-oz-can/	Corn Syrup Solids (55%), Vegetable Oil (26%) (Palm Olein, Coconut, Soy, and High Oleic Sunflower Oils), Soy Protein Isolate (15%), and less than 2%: Mortierella Alpina Oil*, Schizochytrium Sp. Oil†, Calcium Carbonate, Calcium Phosphate, Cupric Sulfate, Ferrous Sulfate, Magnesium Phosphate, Manganese Sulfate, Potassium Chloride, Potassium Citrate, Potassium Iodide, Sodium Citrate, Sodium Selenite, Zinc Sulfate, L-Methionine, Choline Chloride, Ascorbic Acid, Biotin, Calcium Pantothenate, Folic Acid, Niacinamide, Riboflavin, Thiamin Hydrochloride, Vitamin B12, Vitamin B6 Hydrochloride, Vitamin D3, Vitamin K1, Inositol, Taurine, Vitamin E Acetate, L-carnitine, Vitamin A Palmitate.			1.3	1.3	ND	0.9	ND	390	907667	ND	ND	ND	ND	2026
136	Enfamil	Reguline	https://www.enfamil.com/products/enfamil-reguline-formula/powder-tub-19-5-oz-tub/	Partially Hydrolyzed Nonfat Milk and Whey Protein Concentrate Solids (Soy), Vegetable Oil (contains one or more of the following: Palm Olein Oil, Coconut Oil, Soy Oil, High Oleic Sunflower Oil), Corn Syrup Solids, Lactose, and less than 2%: Polydextrose*, Galactooligosaccharides*, Mortierella Alpina Oil†, Schizochytrium Sp. Oil‡, Calcium Carbonate, Calcium Phosphate, Cupric Sulfate, Ferrous Sulfate, Magnesium Phosphate, Manganese Sulfate, Potassium Chloride, Potassium Iodide, Sodium Chloride, Sodium Selenite, Zinc Sulfate, Choline Chloride, Ascorbic Acid, Biotin, Calcium Pantothenate, Folic Acid, Niacinamide, Riboflavin, Thiamin Hydrochloride, Vitamin B12, Vitamin B6 Hydrochloride, Vitamin D3, Vitamin K1, Inositol, Vitamin A Palmitate, Vitamin E Acetate, Taurine, L-carnitine.			3.8	3	ND	3	ND	785	7296667	ND	ND	ND	ND	2026
137	Enfamil	Sensitive	https://www.walmart.com/ip/Enfamil-Sensitive-Baby-Formula-DHA-Iron-Prebiotics-help-support-Brain-Immune-Support-Lactose-Sensitivity-Infant-Inspired-Breast-Milk-Non-GMO-Powder-R/560173372	FUCOSYLLACTOSE‖, MORTIERELLA ALPINA OIL¶, SCHIZOCHYTRIUM SP. OIL#, POTASSIUM CITRATE, CALCIUM PHOSPHATE, SODIUM CHLORIDE, MAGNESIUM PHOSPHATE, POTASSIUM CHLORIDE, CALCIUM CARBONATE, FERROUS SULFATE, ZINC SULFATE, CUPRIC SULFATE, MANGANESE SULFATE, POTASSIUM IODIDE, SODIUM SELENITE, SOY LECITHIN, CHOLINE CHLORIDE, INOSITOL, ASCORBIC ACID, NIACINAMIDE, CALCIUM PANTOTHENATE, RIBOFLAVIN, THIAMIN HYDROCHLORIDE, VITAMIN B6 HYDROCHLORIDE, VITAMIN D3, FOLIC ACID, VITAMIN K1, BIOTIN, VITAMIN B12, VITAMIN E ACETATE, VITAMIN A PALMITATE, TAURINE, L-CARNITINE.‖A SOURCE OF 2’-FL HMO (2’-FUCOSYLLACTOSE HUMAN MILK OLIGOSACCHARIDE)¶A SOURCE OF ARACHIDONIC ACID (ARA)#A SOURCE OF DOCOSAHEXAENOIC ACID (DHA)			10.6	9	1.8	ND	ND	272	8026667	ND	ND	ND	ND	2026
138	"Happy Baby
Organics"	Organic Infant Formula	https://www.happyfamilyorganics.com/shop/baby-formula/product/stage-1/	Organic lactose, organic nonfat milk, organic galactooligosaccharides*, organic palm oil, organic coconut oil, organic whey protein concentrate, organic canola oil, organic high oleic sunflower oil, organic sunflower oil, and less than 1%: bifidobacterium breve m-16v, fructooligosaccharides*, tuna fish oil**, mortierella alpina oil***, calcium phosphate, sodium citrate, potassium citrate, potassium chloride, choline chloride, magnesium chloride, ascorbic acid, organic soy lecithin, sodium hydroxide, inositol, ferrous sulfate, zinc sulfate, vitamin e (dl-alpha tocopheryl acetate), calcium pantothenate, niacinamide, copper sulfate, retinyl palmitate, thiamine hydrochloride, pyridoxine hydrochloride, riboflavin, manganese sulfate, folic acid, potassium iodide, ascorbyl palmitate, vitamin k (phytonadione), sodium selenite, biotin, vitamin d3 (cholecalciferol), cyanocobalamin.			3.5	NT	1.8	ND	0.92	174	5223333	ND	ND	ND	ND	2026
139	"Happy Baby
Organics"	Sensitive	https://www.walmart.com/ip/Happy-Baby-Organics-Stage-1-Sensitive-Organic-Infant-Formula-with-Iron-Milk-Based-Powder-21-oz-Tub/257847109	Organic Nonfat Milk, Organic Maltodextrin, Organic Glucose Syrup Solids, Organic Palm Olein or Palm Oil, Organic Soy Oil, Organic Coconut Oil, Organic High Oleic (Safflower or Sunflower) Oil, Organic Galactooligosaccharides (GOS)(b), Organic Whey Protein Concentrate, Less than 1%: Fructooligosaccharide (FOS)(b), Choline Bitartrate, Potassium Chloride, Organic Soy Lecithin, Calcium Hydroxide, Mortierella Alpina Oil(c), Calcium Phosphate, Sodium Citrate, Ascorbic Acid, Magnesium Chloride, DHA Algal Oil (Schizochytrium)(d), Potassium Bicarbonate, Inositol, Ascorbyl Palmitate, Ferrous Sulfate, Zinc Sulfate, Mixed Tocopherol Concentrate, Vitamin E (Di-Alpha Tocopheryl Acetate), Niacinamide, Calcium Pantothenate, Cupric Sulfate, Vitamin A Palmitate, Riboflavin, Thiamin Hydrochloride, Pyridoxine Hydrochloride, Manganese Sulfate, Beta-Carotene, Potassium Iodine, Folic Acid, Vitamin K (Phytonadione), Biotin, Sodium Selenite, Vitamin D (Cholecalciferol), Cyanocobalamin. (b) a Type of Prebiotic. (c) a Source of Arachidonic Acid (ARA). (d) a Source of Docosahexaenoic Acid (DHA).			ND	NT	2.4	ND	ND	516	5660000	ND	ND	ND	ND	2025
140	HiPP	Dutch Organic Stage 1	https://organicformulashop.com/products/hipp-hydrolyzed-dutch-formula-stage-1	Lactose, vegetable oils (palm oil, rapeseed oil, sunflower oil), proteins of hydrolyzed whey, lactose galacto-oligosaccharides, calcium orthophosphate, potassium chloride, emulsifying agent: citric acid esters of mono- and diglyceride fatty acids, fish oil 1, choline, potassium hydroxide, sodium hydroxide, L-phenylalanine, L-tyrosine, Mortierella alpina oil 1, calcium carbonate, carbonate of magnesium, sodium selenite, vitamin C, zinc sulfate, L-tryptophan, L-histidine, inositol, potassium iodate, L-carnitine, iron sulphate, the natural culture of lactic acid (Limosilactobacillus fermentum hereditum)2, organiclifestart.com, pantothenic acid, niacin, vitamin E, copper sulfate, vitamin B, vitamin B, vitamin A, vitamin B, manganese sulfate, calcium L-methylfolate, vitamin K, biotin, vitamin D, vitamin B12.			ND	NT	2.1	3.4	ND	160	5310000	ND	ND	ND	ND	2025
141	HiPP	Hypoallergenic	https://organicformulashop.com/products/hipp-hypoallergenic-formula-stage-pre	lactose, vegetable oils* (palm oil, rapeseed oil, sunflower oil), hydrolyzed whey protein, galactooligosaccharides from lactose, calcium orthophosphates, potassium chloride, emulsifier: citric acid esters of mono- and diglycerides of fatty acids, potassium hydroxide, fish oil1, mortierella alpina oil 1, sodium hydroxide, l-tyrosine, l-phenylalanine, magnesium carbonate, choline, inositol, l-tryptophan, vitamin c, l-carnitine, ferrous sulfate, zinc sulfate, pantothenic acid, natural lactic acid cultures (limosilactobacillus fermentum hereditum®) 2, niacin, vitamin e, calcium carbonate, copper sulfate, vitamin b1, vitamin a, vitamin B2, vitamin B6, potassium iodate, manganese sulfate, metafolin®3 (calcium l-methylfolate), vitamin K, sodium selenate, biotin, vitamin D, vitamin B12. 			2.6	NT	1.9	3.3	ND	530	6300000	ND	ND	ND	ND	2026
142	HiPP	"Organic Whole Milk Ready
to Feed"	https://organicformulashop.com/products/holle-organic-baby-formula-stage-1	Skimmed milk **¹, whey product * (partially demineralized whey powder ), vegetable oils* (palm oil*³, sunflower oil*, rapeseed oil*), lactose* , calcium carbonate, potassium chloride, oil from the microalgae Schizochytrium sp.², oil from Mortierella Alpina, choline bitartrate , calcium salts of orthophosphoric acid, vitamin C, L-tyrosine, sodium chloride, L-tryptophan, iron sulfate, zinc sulfate, vitamin E, magnesium carbonate, niacin, copper sulfate, pantothenic acid, vitamin A, vitamin B1, vitamin B6, manganese sulfate, potassium iodide, folic acid, sodium selenite, Vitamin K, vitamin D, biotin, vitamin B12			ND	NT	ND	ND	ND	ND	711667	ND	ND	ND	ND	2026
143	Holle	Bio Organic Stage 1	https://organiclifestart.com/products/holle-bio-stage-1	Organic Skimmed Milk, Organic Whey Products (Partially Demineralized Whey Powder), Organic Vegetable Oils (Organic Palm Oil, Organic Sunflower Oil, Organic Rapeseed Oil), Organic Lactose, Organic Skimmed Milk Powder, Calcium Carbonate, Potassium Chloride, Oil from the Microalgae Schizochytrium sp.2, Oil from Mortierella Alpina, Choline Bitartrate, Calcium Salts of Orthophosphoric Acid, Vitamin C, L-Tyrosine, Sodium Chloride, L-Tryptophan, Iron Sulfate, Zinc Sulfate, Vitamin E, Magnesium Carbonate, Niacin, Copper Sulfate, Pantothenic Acid, Vitamin A, Vitamin B1, Vitamin B6, Manganese Sulfate, Potassium Iodide, Folic Acid, Sodium Selenite, Vitamin K, Vitamin D, Biotin, Vitamin B12.			ND	NT	2.2	3.3	ND	422	5960000	ND	ND	ND	ND	2025
144	Holle	Organic Goat Milk	https://www.holle.ch/en/product/organic-infant-goat-milk-formula-1/	Full-cream goat MILK**¹, LACTOSE*, full-cream goat MILK powder**¹, vegetable oils* (sunflower oil*, rapeseed oil*), calcium carbonate, choline hydrogen tartrate, oil from the microalgae Schizochytrium sp., oil from Mortierella Alpina, sodium citrate, potassium citrate, L-tyrosine, calcium salts of orthophosphoric acid, vitamin C, L-tryptophan, L-cystine, ferrous sulphate, zinc sulphate, magnesium carbonate, pantothenic acid, niacin, copper sulphate, vitamin E, vitamin A, vitamin B₁ (thiamin), vitamin B₆, manganese sulphate, folic acid, sodium selenite, vitamin K, potassium iodide, biotin, vitamin D, vitamin B₁₂.			2.1	NT	2.1	3.3	ND	206	6500000	ND	ND	ND	ND	2026
145	Jovie	Stage 1 Organic Goat Milk	https://themilkybox.com/products/jovie-goat-stage-1-organic-baby-formula	ORGANIC WHOLE GOAT MILK POWDER; ORGANIC lactose (milk); ORGANIC vegetable oils (ORGANIC sunflower oil, ORGANIC rapeseed oil); ORGANIC galacto-oligosaccharides (GOS) (milk); docosahexaenoic acid rich oil (DHA) (fish); arachidonic acid rich oil (AA); MINERALS (calcium carbonate, sodium citrate, magnesium chloride, sodium chloride, ferrous lactate, zinc sulphate, copper sulphate, manganese sulphate, potassium iodide, sodium selenite); VITAMINS (ascorbic acid, dl-alpha-tocopheryl acetate, cholecalciferol, retinol acetate, niacinamide, calcium-d-pantothenate, thiamine hydrochloride, pyridoxine hydrochloride, folic acid, riboflavin, phytomenadione, biotin, cobalamine); l-choline bitartrate; l-cystine; l-tryptophan; l-tyrosine; inositol; l-carnitine l-tartrate.			2.4	NT	1.9	ND	ND	706	6800000	ND	ND	ND	ND	2026
146	Kabrita	Goat Milk-Based	https://kabrita.com/products/goat-milk-infant-formula	lactose, non-fat dry goat milk, vegetable oils (soybean oil, high oleic sunflower oil, coconut oil), goat whey protein concentrate powder, high 2-palmitic acid vegetable oil (palm oil), galacto-oligosaccharides, and less than 1%: mortierella alpina oil, tri calcium phosphate, crypthecodinium cohnii oil, tri sodium citrate, choline bitartrate, calcium carbonate, potassium hydroxide, sodium L-ascorbate, choline chloride, taurine, inositol, magnesium carbonate, L-ascorbic acid, vitamin E acetate, ferrous sulfate, niacinamide, zinc sulfate, L-carnitine L-tartrate, calcium pantothenate, retinyl acetate, thiamin hydrochloride, riboflavin, manganese sulfate, cupric sulfate, pyridoxine hydrochloride, folic acid, vitamin K1, potassium iodide, D-biotin, sodium selenate, vitamin D3, cyanocobalamin.			7.8	8.3	3.7	1.7	ND	450	6130000	ND	ND	ND	ND	2025
147	Kendamil	"First Infant Milk Ready to
Feed"	https://us.kendamil.com/products/classic-first-infant-milk	Whole Milkō, Reduced Minerals Whey^, Vegetable Oils (Sunflower Oil, Coconut Oil, Low Erucic Rapeseed Oil), Lactose, Skimmed Milk Powder, Galacto-Oligosaccharides (GOS)¥, Less Than 2% of: Whey Protein Concentrate Alpha-Lactalbumin, Calcium Citrate, Potassium Chloride, Calcium Phosphate, Sodium Citrate, Choline Bitartrate, Fructooligosaccharides (FOS), Magnesium Chloride, Schizochytrium Sp. OilO, Ascorbic Acid, Potassium Hydroxide, Inositol, L-Tyrosine, Mortierella Alpina OilO, Taurine, Iron Pyrophosphate, Nucleotides (Cytidine-5’-Monophosphate, Disodium Uridine-5’-Monophosphate, Adenosine-5’-Monophosphate, Disodium Inosine-5’-Monophosphate, Disodium Guanosine-5’-Monophosphate), L-Phenylalanine, Zinc Sulfate, Vitamin E Acetate, Niacinamide, Calcium Pantothenate, Copper Sulfate, Thiamin Hydrochloride, Riboflavin, Vitamin A Acetate, Vitamin B6 Hydrochloride, Manganese Sulfate, Folic Acida, Potassium Iodide, Sodium Selenite, Vitamin K1, Vitamin D3, Biotin, Vitamin B12, Mixed Tocopherols.			ND	NT	ND	ND	0.11	ND	825000	ND	ND	ND	ND	2026
148	Kendamil	Goat	https://us.kendamil.com/products/goat-first-infant-milk	Contains Milk.			3.7	2.6	1.6	ND	ND	72	6510000	ND	ND	ND	ND	2026
149	Kendamil	Organic	https://us.kendamil.com/products/organic-first-infant-milk	Organic Whole Milkō, Organic Reduced Minerals Whey∆, Organic Vegetable Oils (Sunflower Oil, Coconut Oil, Low Erucic Rapeseed Oil), Organic Skimmed Milk Powder, Organic Galacto-Oligosaccharides (GOS)¥, Less Than 2% of: Calcium Citrate, Sodium Citrate, Potassium Chloride, Calcium Phosphate, Magnesium Chloride, Schizochytrium Sp. Oil8, Ascorbic Acid, Potassium Hydroxide, Choline Bitartrate, Inositol, Mortierella Alpina OilO, Taurine, Iron Pyrophosphate, Nucleotides (Cytidine-5’-Monophosphate, Disodium Uridine-5’-Monophosphate, Adenosine-5’-Monophosphate, Disodium Inosine-5’-Monophosphate, Disodium Guanosine-5’-Monophosphate), Zinc Sulfate, Vitamin E Acetate, Niacinamide, Calcium Pantothenate, Copper Sulfate, Thiamin Hydrochloride, Riboflavin, Vitamin A Acetate, Vitamin B6 Hydrochloride, Manganese Sulfate, Folic Acidᵃ, Potassium Iodide, Sodium Selenate, Vitamin K1, Vitamin D3, Biotin, Vitamin B12, Mixed Tocopherols.			2.8	NT	3.1	ND	ND	126	5635000	ND	ND	ND	ND	2025
150	Kendamil	Whole Milk	https://www.kroger.com/p/kendamil-whole-milk-fats-0-12-months-infant-formula-powder/0085004523801	Whole Milk, Demineralised Whey Powder, Skimmed Milk Powder, Blend of Oils (Sunflower Oil, Coconut Oil, Rapeseed Oil), Lactose, Galacto-Oligosaccharides (a Type of Prebiotic), Whey Protein Concentrate Alpha-Lactalbumin, Less than 2% of Fructooligosaccharides (a Type of Prebiotic), Mortierella Alpina Oil (a Plant-Based Source of Arachidonic), Schizochytrium SP. Oil (a Plant-Based Source of Docosahexaenoic Acid (DHA)), Calcium Citrate, Sodium Citrate, Potassium Chloride, Calcium Lactate, Magnesium Chloride, Potassium Hydroxide, Choline Bitartrate, Ferrous Sulfate, Zinc Sulfate, Copper Sulfate, Potassium Iodide, Sodium Selenite, Manganese Sulfate, Inositol, Taurine, L-Tyrosine, Nucleotides (Cytidine-5'-Monophosphate, Disodium Uridine-5'-Monophosphate, Adenosine-5'-Monophosphate, Disodium Inosine-5-Monophosphate, Disodium Guanosine-5'-Monophosphate), L-Phenylalanine, Sodium Ascorbate, Vitamin E, Niacin, Pantothenic Acid, Thiamin, Riboflavin, Vitamin A, Vitamin B6, Folic Acid, Vitamin K, Vitamin D3, Biotin, Vitamin B12.			ND	NT	1.6	ND	ND	200	4983333	ND	ND	ND	ND	2025
151	"Kirkland
Signature (Costco)"	ProCare	https://www.costco.ca/p/-/kirkland-signature-procare-infant-formula-non-gmo-powder-136-kg/4000216043	Lactose, Skim milk powder, High oleic (safflower or sunflower) oil, Soybean oil*, Whey protein concentrate, Coconut oil, Maltodextrin*, Fructooligosaccharides, Soy lecithin*, Monoglycerides, 2· -fucosyllactose, Mortierella alpina oil (arachidonic acid), Schizochytrium sp. oil (docosahexaenoic acid), Taurine, Nucleotides (adenosine-51-monophosphate, cytidine-51-monophosphate, disodium guanosine-51-monophosphate, disodium inosine-51-monophosphate, disodium uridine-51-monophosphate), L-Carnitine, Mixed tocopherol concentrate*, Ascorbyl palmitate, Citric acid, Lutein, Minerals (calcium carbonate, calcium chloride, calcium hydroxide, cupric sulphate, ferrous sulphate, magnesium chloride, manganese sulphate, potassium bicarbonate, potassium hydroxide, potassium iodide, potassium phosphate, sodium citrate*, sodium selenite*, zinc sulphate), Vitamins (ascorbic acid*, beta-carotene*, biotin*, calcium pantothenate*, choline chloride, cyanocobalamin*, folic acid*, inositol, niacinamide*, pyridoxine hydrochloride*, riboflavin*, thiamine hydrochloride*, vitamin A palmitate*, vitamin D [cholecalciferol]*, vitamin E [di-alpha tocopheryl acetate]*, vitamin K [phytonadione]*). Contains: Milk, Soy.			ND	NT	1.7	3	ND	314	7123333	ND	ND	ND	ND	2025
152	Mama Bear	Sensitivity Premium	https://www.amazon.com/Amazon-Brand-Premium-Formula-Fusiness/dp/B0D2YBBBBD?th=1	Corn Syrup, Milk Protein Isolate, High Oleic (Safflower or Sunflower) Oil, Sucrose, Soy Oil, Coconut Oil, Less Than 2%: Mortierella Alpina Oil*, Schizochytrium Sp. Oil**, 2’-Fucosyllactose (2’-FL)#, Lacto-N-Neotetraose (LNnT)#, Lutein, Calcium Phosphate, Potassium Citrate, Potassium Chloride, Sodium Citrate, Magnesium Phosphate, Ascorbic Acid, Calcium Carbonate, Ferrous Sulfate, Magnesium Chloride, Ascorbyl Palmitate, Choline Bitartrate, Taurine, Inositol, Vitamin E (dl-Alpha Tocopheryl Acetate), Zinc Sulfate, Mixed Tocopherol Concentrate, L-Carnitine, Niacin (Niacinamide), Calcium Pantothenate, Vitamin A Palmitate, Cupric Sulfate, Thiamine Hydrochloride, Riboflavin, Pyridoxine Hydrochloride, Beta-Carotene, Folic Acid, Manganese Sulfate, Potassium Iodide, Vitamin K (Phytonadione), Biotin, Sodium Selenite, Vitamin D (Cholecalciferol), Cyanocobalamin, Potassium Hydroxide, Potassium Bicarbonate, Sodium Chloride, Sodium Phosphate, Monoglycerides, Soy Lecithin, Nucleotides (Adenosine-5’-Monophosphate, Cytidine-5’-Monophosphate, Disodium Guanosine-5’-Monophosphate, Disodium Uridine-5’-Monophosphate). Contains Milk and Soy. #Sources of Prebiotic *A Source of Arachidonic Acid (ARA) **A Source of Docosahexaenoic Acid (DHA)			3.6	NT	1.5	2.4	ND	2823	6200000	ND	ND	ND	ND	2026
153	"Member’s Mark
(Sam’s Club)"	Advantage Premium	https://www.samsclub.com/ip/Member-s-Mark-Advantage-Premium-Baby-Formula-Powder-with-Iron-36-oz/13581473060	Nonfat Milk, Lactose, High Oleic (Safflower or Sunflower) Oil, Soy Oil, Whey Protein Concentrate, Coconut Oil, Less Than 1%: Schizochytrium Sp Oil**, Mortierella Alpina Oil*, 2’-Fucosyllactose (2’-FL)◊, Lacto-N-Neotetraose (LNnT)◊, Beta-Carotene, Lutein, Potassium Bicarbonate, Calcium Carbonate, Ascorbic Acid, Soy Lecithin, Monoglycerides, Calcium Chloride, Calcium Hydroxide, Magnesium Chloride, Ferrous Sulfate, Choline Bitartrate, Ascorbyl Palmitate, Sodium Citrate, Taurine, Inositol, Zinc Sulfate, Mixed Tocopherol Concentrate, Vitamin E (dl-Alpha Tocopheryl Acetate), Niacinamide, Calcium Pantothenate, L-Carnitine, Vitamin A Palmitate, Cupric Sulfate, Thiamine Hydrochloride, Riboflavin, Pyridoxine Hydrochloride, Folic Acid, Manganese Sulfate, Vitamin K1 (Phytonadione), Biotin, Sodium Selenite, Vitamin D3, Cyanocobalamin, Potassium Phosphate, Potassium Iodide, Potassium Hydroxide, Nucleotides (Adenosine-5’-Monophosphate, Cytidine-5’-Monophosphate, Disodium Guanosine-5’-Monophosphate, Disodium Uridine-5’-Monophosphate). Contains Milk and Soy. ◊ Sources of Prebiotic *A Source of Arachidonic Acid (ARA)			ND	NT	1.4	2.9	ND	251	6903333	ND	ND	ND	ND	2025
154	Nannycare	Goat milk based	https://www.nannycare.co.uk/products/nannycare-1-goat-milk-based-first-infant-milk	Pasteurised goat whole milk, lactose (from milk), vegetable oil blend (high oleic sunflower oil, rapeseed oil, sunflower oil, antioxidants (sunflower lecithin, tocopherol-rich extract)), pasteurised goat milk powders, oil from the microalgae Schizochytrium sp., 2'-fucosyllactose (from milk), Mortierella alpina oil, calcium citrate, choline chloride, sodium citrate, L-tyrosine, calcium hydroxide, L-tryptophan, L-cystine, L-isoleucine, taurine, ferrous sulphate, dl-α-tocopheryl acetate, L-ascorbic acid, zinc sulphate, potassium chloride, inositol, nicotinamide, cholecalciferol, retinyl acetate, L-carnitine. calcium d-pantothenate, cyanocobalamin, copper sulphate, phytonadione, thiamine hydrochloride, riboflavin, pyridoxine hydrochloride, manganese sulphate, folic acid, potassium iodide, sodium selenite, d-biotin			8.3	6.1	ND	ND	ND	201	6753333	2	ND	ND	ND	2026
155	Neocate	Hypoallergenic	https://www.walmart.com/ip/Neocate-Infant-Hypoallergenic-Amino-Acid-Based-Baby-Formula-with-DHA-ARA-14-1-Oz-Can/48320835	Corn Syrup Solids, Refined Vegetable Oil (Medium Chain Triglycerides, High Oleic Sunflower, Sunflower, Canola), and less than 2% of each of the following: Calcium Phosphate Dibasic, Dipotassium Phosphate, Tricalcium Phosphate, Calcium Carbonate, Calcium Glycerophosphate, L-Arginine-L-Aspartate, L-Leucine, Tripotassium Citrate, L-Lysine Acetate, L-Glutamine, L-Proline, Citric Acid Esters of Mono- and Diglycerides (CITREM), L-Valine, Glycine, L-Isoleucine, L-Threonine, L-Phenylalanine, L-Tyrosine, L-Serine, L-Histidine, L-Alanine, Sodium Chloride, L-Cystine, Magnesium Chloride, L-Tryptophan, Choline Bitartrate, L-Methionine, Tricalcium Citrate, Magnesium L-Aspartate, M. alpina Oil*, C. cohnii Oil**, M-Inositol, L-Ascorbic Acid, Taurine, Ferrous Sulfate, Zinc Sulfate, L-Carnitine, Uridine 5’-Monophosphate Disodium Salt, Cytidine 5’-Monophosphate, Niacinamide, Inosine 5’-Monophosphate Disodium Salt, Adenosine 5’-Monophosphate, Calcium D-Pantothenate, Guanosine 5’-Monophosphate Disodium Salt, DL-alpha Tocopheryl Acetate, Ascorbyl Palmitate, Manganese Sulfate, Thiamine Hydrochloride, Pyridoxine Hydrochloride, Cupric Sulfate, Riboflavin, Vitamin A Acetate, DL-alpha Tocopherol, Potassium Iodide, Mixed Tocopherols, Folic Acid, Chromium Chloride, Phylloquinone, Sodium Selenite, Sodium Molybdate, D-Biotin, Vitamin D3, Cyanocobalamin. *A source of arachidonic acid (ARA)**A source of docosahexaenoic acid (DHA)			4.5	NT	4.1	2	ND	347	5285000	ND	ND	ND	ND	2025
156	Neocate	Syneo Hypoallergenic	https://www.neocate.com/shop/hypoallergenic-formula-and-products/syneo-infant	CORN SYRUP SOLIDS, REFINED VEGETABLE OILS (MEDIUM CHAIN TRIGLYCERIDES [PALM KERNEL AND/OR COCONUT OIL], HIGH OLEIC SUNFLOWER, SUNFLOWER, AND CANOLA OILS), FRUCTOOLIGOSACCHARIDES (OLIGOFRUCTOSE, INULIN), AND LESS THAN 2% OF EACH OF THE FOLLOWING: CALCIUM PHOSPHATE DIBASIC, DIPOTASSIUM PHOSPHATE, TRICALCIUM PHOSPHATE, CALCIUM CARBONATE, CALCIUM GLYCEROPHOSPHATE, L-ARGININE-L-ASPARTATE, L-LEUCINE, TRIPOTASSIUM CITRATE, L-LYSINE ACETATE, L-GLUTAMINE, L-PROLINE, CITRIC ACID ESTERS OF MONO- AND DIGLYCERIDES, L-VALINE, GLYCINE, L-ISOLEUCINE, L-THREONINE, L-PHENYLALANINE, L-TYROSINE, L-SERINE, L-HISTIDINE, L-ALANINE, SODIUM CHLORIDE, L-CYSTINE, MAGNESIUM CHLORIDE, L-TRYPTOPHAN, CHOLINE BITARTRATE, L-METHIONINE, TRICALCIUM CITRATE, MAGNESIUM L-ASPARTATE, M. ALPINA OIL,† SCHIZOCHYTRIUM SP. OIL,‡ M-INOSITOL, L-ASCORBIC ACID, TAURINE, FERROUS SULFATE, ZINC SULFATE, L-CARNITINE, NIACINAMIDE, CALCIUM D-PANTOTHENATE, DL-ALPHA TOCOPHERYL ACETATE, BIFIDOBACTERIUM BREVE M-16V, ASCORBYL PALMITATE, MANGANESE SULFATE, THIAMINE HYDROCHLORIDE, PYRIDOXINE HYDROCHLORIDE, CUPRIC SULFATE, RIBOFLAVIN, VITAMIN A ACETATE, DL-ALPHA TOCOPHEROL, POTASSIUM IODIDE, FOLIC ACID, MIXED TOCOPHEROLS, CHROMIUM CHLORIDE, PHYLLOQUINONE, SODIUM SELENITE, SODIUM MOLYBDATE, D-BIOTIN, VITAMIN D3, CYANOCOBALAMIN, NUCLEOTIDES (DISODIUM URIDINE 5’-MONOPHOSPHATE, CYTIDINE 5’-MONOPHOSPHATE, DISODIUM INOSINE 5’-MONOPHOSPHATE, ADENOSINE 5’-MONOPHOSPHATE, DISODIUM GUANOSINE 5’-MONOPHOSPHATE ) 			3.3	NT	3.1	1.4	0.3	328	5253333	ND	ND	ND	ND	2026
157	Nestle	Alfamino	https://www.nestlemedicalhub.com/products/alfamino-infant	Corn Syrup Solids, Medium Chain Triglycerides, Vegetable Oils (Soybean, High Oleic Sunflower, and High 2-Palmitic Vegetable Oil), Potato Starch, L-Arginine L-Aspartate, and less than 2% of: L-Lysine Acetate, Calcium Glycerophosphate, L-Leucine, Citric Acid Esters Of Mono-And Diglycerides, Calcium Citrate, L-Proline, L-Valine, L-Glutamine, Glycine, L-Isoleucine, Potassium Chloride, L-Threonine, L-Serine, L-Tyrosine, L-Phenylalanine, Sodium Phosphate, L-Histidine, L-Alanine, L-Cystine, Potassium Citrate, L-Tryptophan, Magnesium L-Aspartate, Choline Bitartrate, L-Methionine, M. Alpina Oil, Schizochytrium Oil, Maltodextrin, Sodium Citrate, Inositol, Sodium Ascorbate, Citric Acid, Sodium Chloride, Ferrous Sulfate, Taurine, Magnesium Oxide, Zinc Sulfate, Magnesium Chloride, DL-Alpha Tocopheryl Acetate, L-Carnitine, Mixed Tocopherols, Niacinamide, Ascorbyl Palmitate, Calcium Pantothenate, Copper Sulfate, Riboflavin, Vitamin A Acetate, Thiamine Mononitrate, Pyridoxine Hydrochloride, Potassium Iodide, Folic Acid, Vitamin K1, Manganese Sulfate, Sodium Selenate, Biotin, Vitamin D3, Vitamin B12			6.5	5.2	8.8	2.3	ND	763	6130000	ND	ND	ND	ND	2026
158	Nestle	Extensive HA	https://www.nestlemedicalhub.com/products/extensive-ha	Corn Maltodextrin, Enzymatically Hydrolyzed Whey Protein Isolate (from Milk), Medium-Chain Triglycerides, Vegetable Oils (Soy, High Oleic Sunflower, and High 2-Palmitic Vegetable Oil), Potato Starch, Calcium Glycerophosphate, and less than 2% of: Citric Acid Esters of Mono- and Diglycerides, Calcium Hydroxide, Potassium Hydroxide, Choline Bitartrate, Potassium Chloride, Potassium Phosphate, Sodium Chloride, Sodium Ascorbate, Magnesium Chloride, M. Alpina Oil, Schizochytrium Oil, Inositol, Calcium Chloride, Taurine, Nucleotides (Cytidine 5'-Monophosphate, Disodium Uridine 5'-Monophosphate, Adenosine 5'-Monophosphate, Disodium Guanosine 5'-Monophosphate), Ferrous Sulfate, Alpha-Tocopheryl Acetate, Zinc Sulfate, L-Carnitine, Mixed Tocopherols, Niacinamide, Calcium Pantothenate, Ascorbyl Palmitate, Copper Sulfate, Riboflavin, Pyridoxine Hydrochloride, Vitamin A Acetate, Thiamine Mononitrate, Citric Acid, Manganese Sulfate, Potassium Iodide, Folic Acid, Phylloquinone, Sodium Selenate, Biotin, Vitamin D3, Vitamin B12, B. Lactis Cultures			4.6	3.3	4.1	ND	ND	321	7073333	ND	ND	ND	ND	2026
159	Nutricia Fortini	"Milk-Based with Iron Ready
to Feed"	https://www.fortini.com/shop/fortini-infant/fortini	Water, Nonfat Milk, Maltodextrin, Refined Vegetable Oils (Canola, Modified Coconut, High Oleic Sunflower, Sunflower, and Corn Oils), Lactose, and less than 2% of each of the following: Galacto-oligosaccharides (GOS), Whey Protein, Medium Chain Triglycerides (Palm Kernel and/or Coconut Oil), Anhydrous Milk Fat, Citric Acid Esters of Mono- and Diglycerides (CITREM), Calcium Citrate, Fructooligosaccharides (FOS), Potassium Citrate, Calcium Phosphate, Sodium Chloride, Citric Acid, C. cohnii Oil*, Inositol, M. alpina Oil**, Sodium L-Ascorbate, Choline Chloride, Magnesium Carbonate, Calcium Hydroxide, Potassium Hydroxide, Ferrous Lactate, Taurine, Dipotassium Hydrogen Phosphate, Nucleotides (Cytidine 5’-Monophosphate, Adenosine 5’-Monophosphate, Disodium Uridine 5’-Monophosphate, Disodium Inosine 5’-Monophosphate, Disodium Guanosine 5’-Monophosphate), DL-Alpha Tocopheryl Acetate, L-Carnitine, Zinc Sulfate, Calcium D-Pantothenate, Niacin, Soy Lecithin, Copper Gluconate, Thiamine Hydrochloride, Potassium Iodide, Riboflavin, Pyridoxine Hydrochloride, Vitamin A Acetate, Manganese Sulfate, Folic Acid, Phylloquinone, D-Biotin, Sodium Selenite, Cholecalciferol, Cyanocobalamin.			0.8	0.8	ND	ND	0.36	36	1025333	ND	ND	ND	ND	2026
160	Parent’s Choice	Advantage Premium	https://www.walmart.com/ip/Parent-s-Choice-Advantage-Premium-Powder-Baby-Formula-Non-GMO-with-Iron-36-oz-Canister/947890369	 Nonfat Milk, Lactose, High Oleic (Safflower or Sunflower) Oil, Soy Oil, Whey Protein Concentrate, Coconut Oil, Less Than 1%: Schizochytrium Sp Oil**, Mortierella Alpina Oil*, 2’-Fucosyllactose (2’-FL)◊, Lacto-N-Neotetraose (LNnT)◊, Beta-Carotene, Lutein, Potassium Bicarbonate, Calcium Carbonate, Ascorbic Acid, Soy Lecithin, Monoglycerides, Calcium Chloride, Calcium Hydroxide, Magnesium Chloride, Ferrous Sulfate, Choline Bitartrate, Ascorbyl Palmitate, Sodium Citrate, Taurine, Inositol, Zinc Sulfate, Mixed Tocopherol Concentrate, Vitamin E (dl-Alpha Tocopheryl Acetate), Niacinamide, Calcium Pantothenate, L-Carnitine, Vitamin A Palmitate, Cupric Sulfate, Thiamine Hydrochloride, Riboflavin, Pyridoxine Hydrochloride, Folic Acid, Manganese Sulfate, Vitamin K1 (Phytonadione), Biotin, Sodium Selenite, Vitamin D3, Cyanocobalamin, Potassium Phosphate, Potassium Iodide, Potassium Hydroxide, Nucleotides (Adenosine-5’-Monophosphate, Cytidine-5’-Monophosphate, Disodium Guanosine-5’-Monophosphate, Disodium Uridine-5’-Monophosphate). Contains Milk and Soy. ◊ Sources of Prebiotic *A Source of Arachidonic Acid (ARA) **A Source of Docosahexaenoic Acid (DHA).			ND	NT	ND	ND	ND	231	7130000	ND	ND	ND	ND	2025
161	Parent’s Choice	Infant	https://www.walmart.com/ip/Parent-s-Choice-Infant-Baby-Formula-Powder-with-Iron-22-2-oz/43832654	Nonfat Milk, Lactose, Vegetable Oils (Palm Olein, Coconut, Soy, High Oleic [Safflower Or Sunflower] Oil), Whey Protein Concentrate, Galactooligosaccharides*, Less Than 1%: Mortierella Alpina Oil**, Crypthecodinium Cohnii Oil***, Fructooligosaccharides*, Soy Lecithin, Vitamin A Palmitate, Vitamin D3, Vitamin E Acetate, Vitamin K1, Thiamine Hydrochloride, Riboflavin, Vitamin B6 Hydrochloride, Vitamin B12, Niacinamide, Folic Acid, Calcium Pantothenate, Biotin, Ascorbic Acid, Choline Bitartrate, Inositol, Calcium Carbonate, Calcium Chloride, Calcium Hydroxide, Magnesium Chloride, Ferrous Sulfate, Zinc Sulfate, Manganese Sulfate, Cupric Sulfate, Potassium Bicarbonate, Potassium Iodide, Potassium Hydroxide, Potassium Phosphate, Sodium Selenite, Sodium Citrate, Taurine, L-Carnitine, Beta-Carotene, Mixed Tocopherol Concentrate, Ascorbyl Palmitate, Monoglycerides, Nucleotides (Adenosine-5'-Monophosphate, Cytidine-5'-Monophosphate, Disodium Guanosine-5'-Monophosphate, Disodium Uridine-5'-Monophosphate). Contains Milk And Soy Ingredients. *A TYPE OF PREBIOTIC **A SOURCE OF ARACHIDONIC ACID (ARA) ***A SOURCE OF DOCOSAHEXAENOIC ACID (DHA)			ND	NT	2.4	3.8	ND	171	6550000	ND	ND	ND	ND	2025
162	Parent’s Choice	Sensitivity Premium	https://www.walmart.com/ip/Parent-s-Choice-Sensitivity-Premium-Powder-Baby-Formula-with-Iron-22-5-oz-Tub/730014869	Corn Syrup, Milk Protein Isolate, High Oleic (Safflower or Sunflower) Oil, Sucrose, Soy Oil, Coconut Oil, Less Than 2%: Mortierella Alpina Oil*, Schizochytrium Sp. Oil**, 2-Fucosyllactose (2-FL)***, Lacto-N-Neotetraose (LNnT)***, Lutein, Calcium Phosphate, Potassium Citrate, Potassium Chloride, Sodium Citrate, Magnesium Phosphate, Ascorbic Acid, Calcium Carbonate, Ferrous Sulfate, Magnesium Chloride, Ascorbyl Palmitate, Choline Bitartrate, Taurine, Inositol, Vitamin E (dl-Alpha Tocopheryl Acetate), Zinc Sulfate, Mixed Tocopherol Concentrate, L-Carnitine, Niacin (Niacinamide), Calcium Pantothenate, Vitamin A Palmitate, Cupric Sulfate, Thiamine Hydrochloride, Riboflavin, Pyridoxine Hydrochloride, Beta-Carotene, Folic Acid, Manganese Sulfate, Potassium Iodide, Vitamin K (Phytonadione), Biotin, Sodium Selenite, Vitamin D (Cholecalciferol), Cyanocobalamin, Potassium Hydroxide, Potassium Bicarbonate, Sodium Chloride, Sodium Phosphate, Monoglycerides, Soy Lecithin, Nucleotides (Adenosine-5-Monophosphate, Cytidine-5-Monophosphate, Disodium Guanosine-5-Monophosphate, Disodium Uridine-5-Monophosphate). Contains Milk and Soy. *A Source of Arachidonic Acid (ARA) **A Source of Docosahexaenoic Acid (DHA) ***Sources of Prebiotic			5.1	3.59	1.6	ND	0.64	2000	5863333	ND	ND	ND	ND	2026
163	Pepticate	Hypoallergenic	https://www.neocate.com/shop/hypoallergenic-formula-and-products/pepticate	 Maltodextrin,Whey Protein Hydrolysate (Milk),Refined Vegetable Oils (Palm, Coconut, Canola, and Sunflower Oils), Galacto-oligosaccharides (Milk), and less than 2% of each of the following: Calcium Phosphate,Citric Acid Esters of Mono- and Diglycerides,Fructooligosaccharides,Tuna Fish Oil,Potassium Chloride,Magnesium Hydrogen Phosphate,M. Alpina Oil,Sodium Chloride,Choline Chloride,L-Tyrosine,L-Ascorbic Acid,Inositol,Taurine,Sodium L-Ascorbate,Ferrous Sulfate,Zinc Sulfate,L-Carnitine,Sodium Citrate,DL-Alpha Tocopheryl Acetate,Calcium D-Pantothenate,Niacinamide,Copper Sulfate,DL-Alpha Tocopherol,Vitamin A Palmitate,Riboflavin,Thiamine Hydrochloride,Pyridoxine Hydrochloride,Potassium Iodide,Folic Acid,Manganese Sulfate,Sodium Selenite,Phylloquinone,D-Biotin,Vitamin D3,Cyanocobalamin,Ascorbyl Palmitate,Calcium Hydroxide,Potassium Hydroxide,Nucleotides (Disodium Uridine 5'-Monophosphate,Cytidine 5'-Monophosphate,Disodium Inosine 5'-Monophosphate,Adenosine 5'-Monophosphate,Disodium Guanosine 5'-Monophosphate)			8.6	7	3.1	1.5	0.9	282	5220000	ND	ND	ND	ND	2026
164	PurAmino	Hypoallergenic	https://hcp.meadjohnson.com/products/puramino	 Corn syrup solids (46%), amino acids (potassium aspartate, L-leucine, L-lysine hydrochloride, L-proline, L-alanine, L-valine, L-isoleucine, L-serine, L-threonine, L-glutamine, L-tyrosine, L-aspartic acid, L-arginine, L-phenylalanine, L-histidine, L-cystine, glycine, L-tryptophan, L-methionine) (18%), high oleic sunflower oil (9%), medium chain triglycerides (MCT) oil (9%), soy oil (8%), modified tapioca starch (4%), and less than 2%: Mortierella alpina oil,|| Schizochytrium sp. oil,¶ choline chloride, inositol, ascorbic acid, niacinamide, calcium pantothenate, riboflavin, thiamin hydrochloride, vitamin B6 hydrochloride, vitamin D3, folic acid, vitamin K1, biotin, taurine, vitamin E acetate, L-carnitine, vitamin A palmitate, vitamin B12, calcium phosphate, potassium citrate, sodium citrate, magnesium phosphate, ferrous sulfate, zinc sulfate, cupric sulfate, manganese sulfate, sodium chloride, sodium iodide, sodium selenite.			11.5	9.1	2.3	ND	ND	439	6645000	ND	ND	ND	ND	2025
165	"Pure Bliss by
Similac"	Irish Farms	https://www.abbottnutrition.com/our-products/pure-bliss-by-similac	Nonfat Milk, Lactose, High Oleic Sunflower Oil, Whey Protein Concentrate, Soy Oil, Coconut Oil, Galactooligosaccharides*. Less than 2% of: Schizochytrium Sp. Oil†, M. Alpina Oil‡, Beta-Carotene, Lutein, Potassium Citrate, Calcium Carbonate, Ascorbic Acid, Soy Lecithin, Potassium Chloride, Magnesium Chloride, Ferrous Sulfate, Choline Bitartrate, Choline Chloride, Ascorbyl Palmitate, Salt, Taurine, Inositol, Zinc Sulfate, Mixed Tocopherols, d-Alpha-Tocopheryl Acetate, Niacinamide, Calcium Pantothenate, L-Carnitine, Vitamin A Palmitate, Copper Sulfate, Thiamine Hydrochloride, Riboflavin, Pyridoxine Hydrochloride, Folic Acid, Manganese Sulfate, Phylloquinone, Biotin, Sodium Selenate, Vitamin D3, Vitamin B12, Calcium Phosphate, Potassium Hydroxide, Potassium Iodide, and Nucleotides (Adenosine 5'-Monophosphate, Cytidine 5'-Monophosphate, Disodium Guanosine 5'-Monophosphate, Disodium Uridine 5'-Monophosphate).			3.5	NT	2	ND	0.7	587	6396667	ND	ND	ND	ND	2026
166	Pure Goat	Bio Complete	https://puregoatcompany.com/en/collections/all-products/products/goat-milk-first-infant-formula-1-organic?variant=52434784223568	Goat milk* 1 (milk), lactose* (milk), whole goat milk powder* (milk), vegetable oils* (sunflower, rapeseed), galacto-oligosaccharide syrup* (GOS) (milk), oil from microalgae Schizochytrium sp., oil from Mortierella alpina, choline bitartrate, minerals (calcium carbonate, sodium citrate, potassium citrate, calcium salts of orthophosphoric acid, ferrous sulphate, zinc sulphate, magnesium carbonate, copper sulphate, manganese sulphate, sodium selenite, potassium iodide), vitamins (sodium-L-ascorbate, L-ascorbyl 6-palmitate, calcium D-pantothenate, nicotinamide, DL-α tocopheryl acetate, retinyl acetate, thiamin hydrochloride, pyridoxine hydrochloride, folic acid, phytomenadione, D-biotin, cholecalciferol, cyanocobalamin), L-tyrosine, L-cysteine, L-tryptophan. (allergens are shown in bold)			ND	NT	2.1	2.5	ND	339	6790000	ND	ND	ND	ND	2026
167	Similac	360 Total Care	https://www.similac.com/products/baby-formula/360-total-care-powder/30-8oz-6pack.html	Nonfat Milk, Lactose, High Oleic Safflower Oil, Whey Protein Concentrate, Soy Oil, Coconut Oil, Human Milk Oligosaccharides (2'-Fucosyllactose, Lacto-N-Tetraose, 3-Fucosyllactose, 6'-Sialyllactose, 3'-Sialyllactose)*. Less than 2% of: Schizochytrium Sp. Oil†, M. Alpina Oil‡, Beta-Carotene, Lutein, Potassium Citrate, Calcium Carbonate, Ascorbic Acid, Soy Lecithin, Potassium Chloride, Magnesium Chloride, Ferrous Sulfate, Choline Bitartrate, Choline Chloride, Ascorbyl Palmitate, Salt, Taurine, Inositol, Zinc Sulfate, Mixed Tocopherols, d-Alpha-Tocopheryl Acetate, Niacinamide, Calcium Pantothenate, L-Carnitine, Vitamin A Palmitate, Copper Sulfate, Thiamine Hydrochloride, Riboflavin, Pyridoxine Hydrochloride, Folic Acid, Manganese Sulfate, Phylloquinone, Biotin, Sodium Selenate, Vitamin D3, Vitamin B12, Calcium Phosphate, Potassium Phosphate, Potassium Iodide, Potassium Hydroxide, and Nucleotides (Adenosine 5'-Monophosphate, Cytidine 5'-Monophosphate, Disodium Guanosine 5'-Monophosphate, Disodium Uridine 5'-Monophosphate).			3.2	NT	2.8	1.4	ND	653	7340000	ND	ND	ND	ND	2025
168	Similac	"360 Total Care
Sensitive"	https://www.similac.com/products/baby-formula/360-total-care-sensitive-powder/30-2-oz-can-pack-of-6.html	Corn Syrup, Milk Protein Isolate, High Oleic Safflower Oil, Sugar, Soy Oil, Coconut Oil, Human Milk Oligosaccharides (2'-Fucosyllactose, Lacto-N-Tetraose, 3-Fucosyllactose, 6'-Sialyllactose, 3'-Sialyllactose)*. Less than 2% of: Schizochytrium Sp. Oil†, M. Alpina Oil‡, Beta-Carotene, Lutein, Potassium Chloride, Sodium Citrate, Calcium Phosphate, Potassium Citrate, Soy Lecithin, Inositol, Magnesium Phosphate, Ascorbic Acid, Choline Chloride, Ascorbyl Palmitate, Ferrous Sulfate, Choline Bitartrate, Taurine, Calcium Carbonate, Zinc Sulfate, Magnesium Chloride, Mixed Tocopherols, L-Carnitine, Niacinamide, d-Alpha-Tocopheryl Acetate, Calcium Pantothenate, Vitamin A Palmitate, Copper Sulfate, Thiamine Hydrochloride, Riboflavin, Pyridoxine Hydrochloride, Folic Acid, Potassium Iodide, Manganese Sulfate, Phylloquinone, Biotin, Sodium Selenate, Vitamin D3, Vitamin B12, Potassium Hydroxide, and Nucleotides (Adenosine 5'-Monophosphate, Cytidine 5'-Monophosphate, Disodium Guanosine 5'-Monophosphate, Disodium Uridine 5'-Monophosphate).			4.7	NT	2.8	2.2	ND	1163	6646667	ND	ND	ND	ND	2025
169	Similac	"360 Total Care Ready to
Feed"	https://www.similac.com/products/baby-formula/360-total-care-ready-to-feed/32-fl-oz-bottle-pack-of-6.html	Water, Nonfat Milk, Lactose, High Oleic Safflower Oil, Soy Oil, Coconut Oil, Whey Protein Concentrate. Less than 0.5% of: Human Milk Oligosaccharides (2'-Fucosyllactose, Lacto-N-Tetraose, 3-Fucosyllactose, 6'-Sialyllactose, 3'-Sialyllactose)*, Schizochytrium Sp. Oil†, M. Alpina Oil‡, Beta-Carotene, Lutein, Ascorbic Acid, Calcium Carbonate, Potassium Citrate, Soy Lecithin, Monoglycerides, Potassium Chloride, Carrageenan, Magnesium Chloride, Ferrous Sulfate, Choline Bitartrate, Choline Chloride, Taurine, Calcium Phosphate, Potassium Phosphate, Inositol, Zinc Sulfate, Niacinamide, d-Alpha-Tocopheryl Acetate, Calcium Pantothenate, L-Carnitine, Riboflavin, Vitamin A Palmitate, Copper Sulfate, Thiamine Hydrochloride, Pyridoxine Hydrochloride, Folic Acid, Manganese Sulfate, Phylloquinone, Biotin, Sodium Selenate, Vitamin D3, Vitamin B12, Salt, Potassium Iodide, Potassium Hydroxide, and Nucleotides (Adenosine 5'-Monophosphate, Cytidine 5'-Monophosphate, Disodium Guanosine 5'-Monophosphate, Disodium Uridine 5'-Monophosphate).			ND	NT	0.4	ND	ND	62	797000	ND	ND	ND	ND	2026
170	Similac	"360 Total Care Sensitive
Ready to Feed"	https://www.similac.com/products/baby-formula/360-total-care-sensitive-ready-to-feed/8fl-oz-24pack.html	Water, Maltodextrin, Milk Protein Isolate, High Oleic Safflower Oil, Sugar, Soy Oil, Coconut Oil. Less than 0.5% of: Human Milk Oligosaccharides (2'-Fucosyllactose, Lacto-N-Tetraose, 3-Fucosyllactose, 6'-Sialyllactose, 3'-Sialyllactose)*, Schizochytrium Sp. Oil†, M. Alpina Oil‡, Beta-Carotene, Lutein, Calcium Phosphate, Potassium Citrate, Carrageenan, Potassium Chloride, Ascorbic Acid, Monoglycerides, Soy Lecithin, Magnesium Chloride, Inositol, Magnesium Phosphate, Choline Chloride, Calcium Carbonate, Ferrous Sulfate, Choline Bitartrate, Taurine, Zinc Sulfate, L-Carnitine, d-Alpha-Tocopheryl Acetate, Niacinamide, Calcium Pantothenate, Vitamin A Palmitate, Copper Sulfate, Thiamine Hydrochloride, Riboflavin, Pyridoxine Hydrochloride, Folic Acid, Potassium Iodide, Manganese Sulfate, Phylloquinone, Biotin, Sodium Selenate, Vitamin D3, Vitamin B12, Sodium Citrate, Potassium Hydroxide, and Nucleotides (Adenosine 5'-Monophosphate, Cytidine 5'-Monophosphate, Disodium Guanosine 5'-Monophosphate, Disodium Uridine 5'-Monophosphate).			0.9	0.9	ND	ND	ND	148	991333	ND	ND	ND	ND	2026
171	Similac	Advance	https://www.similac.com/products/baby-formula/advance-powder/12-4oz-can-6ct.html	Nonfat Milk, Lactose, High Oleic Safflower Oil, Whey Protein Concentrate, Soy Oil, Coconut Oil, Galactooligosaccharides*. Less than 2% of: Schizochytrium Sp. Oil†, M. Alpina Oil‡, Beta-Carotene, Lutein, Potassium Citrate, Calcium Carbonate, Ascorbic Acid, Soy Lecithin, Potassium Chloride, Magnesium Chloride, Ferrous Sulfate, Choline Bitartrate, Choline Chloride, Ascorbyl Palmitate, Salt, Taurine, Inositol, Zinc Sulfate, Mixed Tocopherols, d-Alpha-Tocopheryl Acetate, Niacinamide, Calcium Pantothenate, L-Carnitine, Vitamin A Palmitate, Copper Sulfate, Thiamine Hydrochloride, Riboflavin, Pyridoxine Hydrochloride, Folic Acid, Manganese Sulfate, Phylloquinone, Biotin, Sodium Selenate, Vitamin D3, Vitamin B12, Calcium Phosphate, Potassium Phosphate, Potassium Iodide, Potassium Hydroxide, and Nucleotides (Adenosine 5'-Monophosphate, Cytidine 5'-Monophosphate, Disodium Guanosine 5'-Monophosphate, Disodium Uridine 5'-Monophosphate).			ND	NT	2	ND	ND	414	7040000	ND	ND	ND	ND	2025
172	Similac	Advance Concentrated	https://abbottstore.com/infant-and-child/similac/similac-advance/similac-advance-infant-formula-concentrated-liquid---10.html	Water, Nonfat Milk, Lactose, High Oleic Safflower Oil, Soy Oil, Coconut Oil, Galactooligosaccharides, Whey Protein Concentrate. Less than 1.0% of: C. Cohnii Oil*, M. Alpina Oil†, Beta-Carotene, Lutein, Ascorbic Acid, Calcium Carbonate, Potassium Citrate, Soy Lecithin, Monoglycerides, Potassium Chloride, Carrageenan, Magnesium Chloride, Ferrous Sulfate, Choline Bitartrate, Choline Chloride, Taurine, Calcium Phosphate, Potassium Phosphate, Inositol, Zinc Sulfate, Niacinamide, d-Alpha-Tocopheryl Acetate, Calcium Pantothenate, L-Carnitine, Riboflavin, Vitamin A Palmitate, Copper Sulfate, Thiamine Hydrochloride, Pyridoxine Hydrochloride, Folic Acid, Manganese Sulfate, Phylloquinone, Biotin, Sodium Selenate, Vitamin D3, Vitamin B12, Salt, Potassium Iodide, Potassium Hydroxide, and Nucleotides (Adenosine 5’-Monophosphate, Cytidine 5’-Monophosphate, Disodium Guanosine 5’-Monophosphate, Disodium Uridine 5’-Monophosphate).			0.8	1	0.8	ND	ND	137	1643333	ND	ND	ND	ND	2026
173	Similac	Advance Ready to Feed	https://www.similac.com/products/baby-formula/advance-ready-to-feed-formula/1qt-bottle-6pack.html	Water, Nonfat Milk, Lactose, High Oleic Safflower Oil, Soy Oil, Coconut Oil, Galactooligosaccharides*, Whey Protein Concentrate. Less than 0.5% of: Schizochytrium Sp. Oil†, M. Alpina Oil‡, Beta-Carotene, Lutein, Ascorbic Acid, Calcium Carbonate, Potassium Citrate, Soy Lecithin, Monoglycerides, Potassium Chloride, Carrageenan, Magnesium Chloride, Ferrous Sulfate, Choline Bitartrate, Choline Chloride, Taurine, Calcium Phosphate, Potassium Phosphate, Inositol, Zinc Sulfate, Niacinamide, d-Alpha-Tocopheryl Acetate, Calcium Pantothenate, L-Carnitine, Riboflavin, Vitamin A Palmitate, Copper Sulfate, Thiamine Hydrochloride, Pyridoxine Hydrochloride, Folic Acid, Manganese Sulfate, Phylloquinone, Biotin, Sodium Selenate, Vitamin D3, Vitamin B12, Salt, Potassium Iodide, Potassium Hydroxide, and Nucleotides (Adenosine 5'-Monophosphate, Cytidine 5'-Monophosphate, Disodium Guanosine 5'-Monophosphate, Disodium Uridine 5'-Monophosphate).			0.7	0.7	ND	ND	0.18	80	882000	ND	ND	ND	ND	2026
174	Similac	Alimentum	https://www.similac.com/products/baby-formula/alimentum-powder/12-1oz-can-6pack.html	Corn Maltodextrin (39%), Casein Hydrolysate [Derived from Milk] (17%), High Oleic Safflower Oil (9%), Medium Chain Triglycerides (9%), Sugar (9%), Soy Oil (8%). Less than 2% of: 2'-Fucosyllactose [Derived from Milk]*, Lutein, Beta-Carotene, Schizochytrium Sp. Oil†, M. Alpina Oil‡, Calcium Phosphate, DATEM, Potassium Citrate, Xanthan Gum, Magnesium Chloride, Monoglycerides, Ascorbic Acid, Salt, L-Cystine Dihydrochloride, Calcium Carbonate, Potassium Chloride, L-Tyrosine, L-Tryptophan, Choline Chloride, Ferrous Sulfate, Taurine, Inositol, Ascorbyl Palmitate, d-Alpha-Tocopheryl Acetate, Zinc Sulfate, L-Carnitine, Niacinamide, Mixed Tocopherols, Calcium Pantothenate, Copper Sulfate, Vitamin A Palmitate, Thiamine Hydrochloride, Riboflavin, Pyridoxine Hydrochloride, Folic Acid, Potassium Iodide, Potassium Hydroxide, Phylloquinone, Biotin, Sodium Selenate, Vitamin D3, and Vitamin B12.			18	15.1	3.2	6.9	ND	1250	6795000	ND	ND	ND	ND	2025
175	Similac	Alimentum Ready to Feed	https://www.similac.com/products/baby-formula/alimentum-ready-to-feed/1qt-bottle-6pack.html	Water (87%), Sugar (4%), Casein Hydrolysate [Derived from Milk] (2%), Modified Tapioca Starch (2%), Safflower Oil (1%), Medium Chain Triglycerides (1%), Soy Oil (1%). Less than 0.5% of: 2'-Fucosyllactose [Derived from Milk]*, Lutein, Beta-Carotene, Schizochytrium Sp. Oil†, M. Alpina Oil‡, Calcium Phosphate, Calcium Citrate, Carrageenan, Potassium Phosphate, Ascorbic Acid, Magnesium Chloride, Potassium Citrate, Salt, Calcium Hydroxide, L-Cystine Dihydrochloride, Potassium Chloride, Potassium Hydroxide, L-Tyrosine, L-Tryptophan, Choline Chloride, Ferrous Sulfate, Taurine, Inositol, d-Alpha-Tocopheryl Acetate, Zinc Sulfate, L-Carnitine, Niacinamide, Calcium Pantothenate, Riboflavin, Vitamin A Palmitate, Copper Sulfate, Thiamine Hydrochloride, Pyridoxine Hydrochloride, Folic Acid, Potassium Iodide, Phylloquinone, Biotin, Sodium Selenate, Vitamin D3, and Vitamin B12.			1.4	1.4	0.7	0.6	0.12	442	876000	ND	ND	ND	ND	2026
176	Similac	NeoSure	https://www.similac.com/products/preemie-formula/neosure-powder/13-1oz-can-pack-of-6.html	Nonfat Milk, Corn Syrup Solids, Lactose, Soy Oil, High Oleic Safflower Oil, Whey Protein Concentrate, Medium Chain Triglycerides, Coconut Oil. Less than 2% of: Schizochytrium Sp. Oil*, M. Alpina Oil†, Beta-Carotene, Lutein, Potassium Citrate, Calcium Phosphate, Inositol, Ascorbic Acid, Magnesium Chloride, Soy Lecithin, Calcium Carbonate, Taurine, Ferrous Sulfate, Choline Bitartrate, Choline Chloride, Ascorbyl Palmitate, L-Carnitine, Potassium Chloride, Zinc Sulfate, Mixed Tocopherols, d-Alpha-Tocopheryl Acetate, Sodium Citrate, Niacinamide, Calcium Pantothenate, Copper Sulfate, Vitamin A Palmitate, Thiamine Hydrochloride, Riboflavin, Pyridoxine Hydrochloride, Folic Acid, Manganese Sulfate, Phylloquinone, Biotin, Sodium Selenate, Vitamin D3, Vitamin B12, Potassium Iodide, Potassium Hydroxide, and Nucleotides (Adenosine 5'-Monophosphate, Cytidine 5'-Monophosphate, Disodium Guanosine 5'-Monophosphate, Disodium Uridine 5'-Monophosphate).			9	8.7	3.5	ND	ND	799	7953333	ND	ND	ND	ND	2025
177	Similac	NeoSure Ready to Feed	https://www.similac.com/products/preemie-formula/neosure-ready-to-feed/1qt-bottle-6pack.html	Water, Nonfat Milk, Corn Syrup Solids, Lactose, Soy Oil, High Oleic Safflower Oil, Whey Protein Concentrate, Medium Chain Triglycerides, Coconut Oil. Less than 0.5% of: Schizochytrium Sp. Oil*, M. Alpina Oil†, Beta-Carotene, Lutein, Potassium Citrate, Calcium Carbonate, Soy Lecithin, Monoglycerides, Inositol, Ascorbic Acid, Magnesium Chloride, Calcium Phosphate, Carrageenan, Taurine, Choline Chloride, Ferrous Sulfate, Choline Bitartrate, L-Carnitine, Potassium Chloride, d-Alpha-Tocopheryl Acetate, Zinc Sulfate, Niacinamide, Potassium Phosphate, Calcium Pantothenate, Salt, Copper Sulfate, Vitamin A Palmitate, Thiamine Hydrochloride, Riboflavin, Pyridoxine Hydrochloride, Folic Acid, Manganese Sulfate, Phylloquinone, Biotin, Sodium Selenate, Vitamin D3, Vitamin B12, Potassium Iodide, Potassium Hydroxide, and Nucleotides (Adenosine 5'-Monophosphate, Cytidine 5'-Monophosphate, Disodium Guanosine 5'-Monophosphate, Disodium Uridine 5'-Monophosphate).			1	0.9	0.4	ND	ND	85	1150000	ND	ND	ND	ND	2026
178	Similac	"Pro-Total Comfort Ready to
Feed"	https://www.similac.com/products/baby-formula/similac-pro-total-comfort-ready-to-feed/32-fl-oz-bottle-pack-of-6.html	Water, Corn Syrup Solids, Whey Protein Hydrolysate, High Oleic Safflower Oil, Sugar, Soy Oil, Coconut Oil. Less than 0.5% of: Schizochytrium Sp. Oil*, M. Alpina Oil†, 2'-Fucosyllactose‡, Short-chain Fructooligosaccharides§, Beta-Carotene, Lutein, Soy Lecithin, Calcium Citrate, Potassium Phosphate, Calcium Phosphate, Carrageenan, Ascorbic Acid, Magnesium Chloride, Monoglycerides, Salt, Inositol, Choline Chloride, Potassium Hydroxide, Potassium Chloride, Ferrous Sulfate, Choline Bitartrate, Taurine, Zinc Sulfate, L-Carnitine, d-Alpha-Tocopheryl Acetate, Niacinamide, Calcium Pantothenate, Potassium Citrate, Vitamin A Palmitate, Copper Sulfate, Thiamine Hydrochloride, Riboflavin, Pyridoxine Hydrochloride, Folic Acid, Manganese Sulfate, Potassium Iodide, Phylloquinone, Biotin, Sodium Selenate, Vitamin D3, Vitamin B12, and Nucleotides (Adenosine 5'-Monophosphate, Cytidine 5'-Monophosphate, Disodium Guanosine 5'-Monophosphate, Disodium Uridine 5'-Monophosphate).			2.8	2.6	ND	0.7	ND	152	1150000	ND	ND	ND	ND	2026
179	Similac	Pure Bliss Ready to Feed	https://www.similac.com/products/baby-formula/similac-organic-ready-to-feed/32fl-oz.html	Water, Organic Lactose, Organic Nonfat Milk, Organic High Oleic Sunflower Oil, Organic Soy Oil, Organic Coconut Oil. Less than 0.5% of: Schizochytrium Sp. Oil*, M. Alpina Oil†, Beta-Carotene, Lutein, Short-chain Fructooligosaccharides‡, Potassium Citrate, Calcium Carbonate, Calcium Citrate, Ascorbic Acid, Organic Soy Lecithin, Ferrous Sulfate, Salt, Choline Chloride, Choline Bitartrate, Taurine, Inositol, Magnesium Chloride, Zinc Sulfate, d-Alpha-Tocopheryl Acetate, Niacinamide, Calcium Pantothenate, L-Carnitine, Vitamin A Palmitate, Copper Sulfate, Thiamine Hydrochloride, Riboflavin, Pyridoxine Hydrochloride, Folic Acid, Manganese Sulfate, Phylloquinone, Biotin, Sodium Selenate, Vitamin D3, Vitamin B12, Potassium Iodide, Potassium Hydroxide, and Nucleotides (Adenosine 5'-Monophosphate, Cytidine 5'-Monophosphate, Disodium Guanosine 5'-Monophosphate, Disodium Uridine 5'-Monophosphate).			ND	NT	ND	ND	ND	24	1031333	ND	ND	ND	ND	2026
180	Similac	Sensitive	https://www.similac.com/products/baby-formula/sensitive-gas-fussiness-powder/29-8oz-can-6ct.html	Corn Syrup, Milk Protein Isolate, High Oleic Safflower Oil, Sugar, Soy Oil, Coconut Oil. Less than 2% of: Schizochytrium Sp. Oil*, M. Alpina Oil†, Short-chain Fructooligosaccharides‡, Beta-Carotene, Lutein, Potassium Chloride, Sodium Citrate, Calcium Phosphate, Potassium Citrate, Soy Lecithin, Magnesium Phosphate, Choline Chloride, Ascorbic Acid, Inositol, Ascorbyl Palmitate, Ferrous Sulfate, Taurine, Calcium Carbonate, Choline Bitartrate, Zinc Sulfate, L-Carnitine, Mixed Tocopherols, Niacinamide, d-Alpha-Tocopheryl Acetate, Calcium Pantothenate, Magnesium Chloride, Vitamin A Palmitate, Copper Sulfate, Thiamine Hydrochloride, Riboflavin, Pyridoxine Hydrochloride, Folic Acid, Potassium Iodide, Manganese Sulfate, Phylloquinone, Biotin, Sodium Selenate, Vitamin D3, Vitamin B12, Potassium Hydroxide, and Nucleotides (Adenosine 5'-Monophosphate, Cytidine 5'-Monophosphate, Disodium Guanosine 5'-Monophosphate, Disodium Uridine 5'-Monophosphate).			ND	NT	3.2	2.1	ND	1053	6450000	ND	ND	ND	ND	2025
181	Similac	Sensitive Ready to Feed	https://www.similac.com/products/baby-formula/sensitive-ready-to-feed/1qt-bottle-6pack.html	Water, Maltodextrin, Milk Protein Isolate, High Oleic Safflower Oil, Sugar, Soy Oil, Coconut Oil. Less than 0.5% of: Schizochytrium Sp. Oil*, M. Alpina Oil†, Short-chain Fructooligosaccharides‡, Beta-Carotene, Lutein, Calcium Phosphate, Potassium Citrate, Carrageenan, Potassium Chloride, Ascorbic Acid, Monoglycerides, Soy Lecithin, Magnesium Chloride, Calcium Carbonate, Inositol, Choline Chloride, Magnesium Phosphate, Sodium Citrate, Ferrous Sulfate, Taurine, Choline Bitartrate, Zinc Sulfate, L-Carnitine, Niacinamide, d-Alpha-Tocopheryl Acetate, Calcium Pantothenate, Riboflavin, Copper Sulfate, Vitamin A Palmitate, Thiamine Hydrochloride, Pyridoxine Hydrochloride, Folic Acid, Potassium Iodide, Manganese Sulfate, Phylloquinone, Biotin, Sodium Selenate, Vitamin D3, Vitamin B12, Potassium Hydroxide, and Nucleotides (Adenosine 5'-Monophosphate, Cytidine 5'-Monophosphate, Disodium Guanosine 5'-Monophosphate, Disodium Uridine 5'-Monophosphate).			1	0.8	ND	ND	ND	96	952667	ND	ND	ND	ND	2026
182	Similac	Soy Isomil	https://www.similac.com/products/baby-formula/soy-isomil-powder/12-4oz-can-6ct.html	Corn Syrup Solids (39%), Soy Protein Isolate (15%), High Oleic Safflower Oil (11%), Sugar (10%), Soy Oil (8%), Coconut Oil (8%). Less than 2% of: Schizochytrium Sp. Oil*, M. Alpina Oil†, Beta-Carotene, Lutein, Short-chain Fructooligosaccharides‡, Calcium Phosphate, Potassium Citrate, Potassium Chloride, Salt, Magnesium Chloride, L-Methionine, Ascorbic Acid, Inositol, Choline Chloride, Potassium Hydroxide, Taurine, Ascorbyl Palmitate, Ferrous Sulfate, Zinc Sulfate, Mixed Tocopherols, L-Carnitine, Niacinamide, d-Alpha-Tocopheryl Acetate, Calcium Pantothenate, Copper Sulfate, Thiamine Hydrochloride, Vitamin A Palmitate, Riboflavin, Pyridoxine Hydrochloride, Folic Acid, Potassium Iodide, Phylloquinone, Biotin, Sodium Selenate, Vitamin D3, and Vitamin B12.			4.7	NT	3.6	9.2	ND	3973	6783333	ND	ND	ND	ND	2025
183	Similac	Soy Isomil Concentrated	https://abbottstore.com/infant-and-child/similac/similac-soy-isomil/similac-soy-isomil-infant-formula-concentrated-liquid-13-fl-oz-can-case-of-12-5697578.html	Water (75%), Corn Syrup (12%), Soy Protein Isolate (4%), High Oleic Safflower Oil (3%), Sugar (2%), Soy Oil (2%), Coconut Oil (1%), Modified Corn Starch (1%). Less than 1.0% of: Schizochytrium Sp. Oil*, M. Alpina Oil†, Beta-Carotene, Lutein, Short-chain Fructooligosaccharides‡, Calcium Phosphate, Potassium Citrate, Magnesium Chloride, Soy Lecithin, Monoglycerides, Potassium Chloride, Salt, L-Methionine, Inositol, Ascorbic Acid, Choline Chloride, Potassium Hydroxide, Taurine, Ferrous Sulfate, Carrageenan, Zinc Sulfate, L-Carnitine, Niacinamide, d-Alpha-Tocopheryl Acetate, Calcium Pantothenate, Copper Sulfate, Vitamin A Palmitate, Thiamine Hydrochloride, Riboflavin, Pyridoxine Hydrochloride, Folic Acid, Potassium Iodide, Phylloquinone, Biotin, Sodium Selenate, Vitamin D3, and Vitamin B12.			2.2	2.3	1.1	2.6	ND	980	1533333	ND	ND	ND	ND	2026
184	Similac	Soy Isomil Ready to Feed	https://www.similac.com/products/baby-formula/soy-isomil-ready-to-feed/1qt-bottle-4pack.html	Water (85%), Corn Syrup (7%), Soy Protein Isolate (2%), High Oleic Safflower Oil (1%), Sugar (1%), Soy Oil (1%), Coconut Oil (1%). Less than 0.5% of: Schizochytrium Sp. Oil*, M. Alpina Oil†, Beta-Carotene, Lutein, Short-chain Fructooligosaccharides‡, Calcium Citrate, Calcium Phosphate, Potassium Phosphate, Potassium Hydroxide, Ascorbic Acid, Potassium Citrate, Magnesium Chloride, Monoglycerides, Soy Lecithin, Salt, L-Methionine, Carrageenan, Inositol, Choline Chloride, Potassium Chloride, Taurine, Ferrous Sulfate, Zinc Sulfate, L-Carnitine, Niacinamide, d-Alpha-Tocopheryl Acetate, Calcium Pantothenate, Riboflavin, Vitamin A Palmitate, Copper Sulfate, Thiamine Hydrochloride, Pyridoxine Hydrochloride, Folic Acid, Potassium Iodide, Phylloquinone, Biotin, Sodium Selenate, Vitamin D3, and Vitamin B12.			1.4	1.4	0.4	1	ND	340	893000	ND	ND	ND	ND	2026
185	Similac	Total Comfort	https://www.similac.com/products/baby-formula/pro-total-comfort-powder/20-1-oz-tub-pack-of-4.html	Corn Maltodextrin, Whey Protein Hydrolysate, High Oleic Safflower Oil, Sugar, Soy Oil, Coconut Oil. Less than 2% of: Schizochytrium Sp. Oil*, M. Alpina Oil†, 2'-Fucosyllactose‡, Short-chain Fructooligosaccharides§, Beta-Carotene, Lutein, Calcium Citrate, Potassium Phosphate, Calcium Phosphate, Salt, Magnesium Chloride, Ascorbic Acid, Choline Chloride, Inositol, Potassium Chloride, Sodium Citrate, Calcium Hydroxide, Potassium Citrate, Choline Bitartrate, Ferrous Sulfate, Taurine, Zinc Sulfate, Ascorbyl Palmitate, L-Carnitine, Niacinamide, Mixed Tocopherols, d-Alpha-Tocopheryl Acetate, Calcium Pantothenate, Copper Sulfate, Vitamin A Palmitate, Thiamine Hydrochloride, Riboflavin, Pyridoxine Hydrochloride, Folic Acid, Manganese Sulfate, Potassium Iodide, Phylloquinone, Biotin, Sodium Selenate, Vitamin D3, Vitamin B12, Potassium Hydroxide, and Nucleotides (Adenosine 5'-Monophosphate, Cytidine 5'-Monophosphate, Disodium Guanosine 5'-Monophosphate, Disodium Uridine 5'-Monophosphate).			8	6	2.7	ND	ND	740	7000000	ND	ND	ND	ND	2025
186	Sprout Organics	Plant-Based	https://sproutorganic.com.au/products/infant-formula	Organic Hydrolysed Rice Starch, Organic Oil Blend (Organic Coconut Oil, Organic Canola Oil, Organic Sunflower Oil, emulsifier organic sunflower lecithin, antioxidant natural mixed tocopherols), Sprout Organic Protein Blend (Organic Sprouted Rice Protein, Organic Sprouted Pea Protein), Docosahexaenoic Acid (DHA from algae), Arachidonic Acid (ARA from fungal), Vitamins, Minerals & Amino Acid Mix (Potassium, Calcium, Chloride, Phosphorus, L-Lysine, Choline, Sodium, Inositol, Vitamin C, L-Tryptophan, L-Threonine, Magnesium, Iron, Niacin, L-carnitine, Zinc, Vitamin E, Pantothenic Acid, Vitamin A, Riboflavin, Copper, Thiamin, Vitamin B6, Folic Acid, Manganese, Vitamin K1, Iodine, Biotin, Selenium, Vitamin D2, Vitamin B12).			15.1	4.5	8.5	22.4	1.6	4463	5166667	3	ND	ND	18	2026
187	Up&Up (Target)	Hypoallergenic	https://www.target.com/p/non-gmo-hypoallergenic-powder-infant-formula-27-8oz-up-38-up-8482/-/A-85428762	corn syrup solids, vegetable oils (palm olein, soy, coconut, high oleic (safflower or sunflower) oil), casein hydrolysate (from milk)+, modified corn starch, less than 2%: mortierella alpina oil, schizochytrium sp. oil, lactobacillus rhamnosus, beta-carotene, vitamin a palmitate, vitamin d3, vitamin e acetate, vitamin k1, thiamin hydrochloride, riboflavin, vitamin b6 hydrochloride, vitamin b12, niacinamide, folic acid, calcium pantothenate, biotin, ascorbic acid, choline bitartrate, inositol, calcium citrate, calcium hydroxide, calcium phosphate, magnesium chloride, ferrous sulfate, zinc sulfate, manganese sulfate, cupric sulfate, potassium iodide, sodium selenite, sodium citrate, potassium citrate, potassium chloride, potassium bicarbonate, l-cystine, l-tryptophan, taurine, l-carnitine, calcium carbonate, calcium chloride, potassium hydroxide, potassium phosphate, ascorbyl palmitate, mixed tocopherol concentrate. ‡a source of hypoallergenic protein *a source of arachidonic acid (ara) **a source of docosahexaenoic acid (dha)			7.4	5.9	2.1	ND	ND	448	7673333	ND	ND	ND	ND	2026
188	Up&Up (Target)	Sensitivity Premium	https://www.target.com/p/sensitivity-premium-infant-formula-with-iron-powder-22-5oz-up-38-up-8482/-/A-85428763	corn syrup, milk protein isolate, high oleic (safflower or sunflower) oil, sucrose, soy oil, coconut oil, less than 2%: mortierella alpina oil *, schizochytrium sp. oil **, 2'-fucosyllactose (2'-fl)º, lacto-n-neotetraose (lnnt)0, lutein, calcium phosphate, potassium citrate, potassium chloride, sodium citrate, magnesium phosphate, ascorbic acid, calcium carbonate, ferrous sulfate, magnesium chloride, ascorbyl palmitate, choline bitartrate, taurine, inositol, vitamin e (di-alpha tocopheryl acetate), zinc sulfate, mixed tocopherol concentrate, l-carnitine, niacin (niacinamide), calcium pantothenate, vitamin a palmitate, cupric sulfate, thiamine hydrochloride, riboflavin, pyridoxine hydrochloride, beta-carotene, folic acid, manganese sulfate, potassium iodide, vitamin k (phytonadione), biotin, sodium selenite, vitamin d (cholecalciferol), cyanocobalamin, potassium hydroxide, potassium bicarbonate, sodium chloride, sodium phosphate, monoglycerides, soy lecithin, nucleotides (adenosine-5'-monophosphate, cytidine-5'-monophosphate, disodium guanosine-5'-monophosphate, disodium uridine-5'-monophosphate). contains milk and soy.			5.7	5	1.8	ND	ND	1585	5593333	ND	ND	ND	ND	2026
189	Up&Up (Target)	Premium	https://www.target.com/p/premium-powder-infant-formula-22-2oz-up-38-up-8482/-/A-87841478	nonfat milk, lactose, vegetable oils (palm olein, soy, coconut, high oleic [safflower or sunflower] oil), whey protein concentrate, less than 1%: 2'-fucosyllactose (2'-fl)◊, mortierella alpina oil*, schizochytrium sp. oil**, soy lecithin, vitamin a palmitate, vitamin d3, vitamin e acetate, vitamin k ,, thiamine hydrochloride, riboflavin, vitamin b; hydrochloride, vitamin b12, niacinamide, folic acid, calcium pantothenate, biotin, ascorbic acid, choline bitartrate, inositol, calcium carbonate, calcium chloride, calcium hydroxide, magnesium chloride, ferrous sulfate, zinc sulfate, manganese sulfate, cupric sulfate, potassium bicarbonate, potassium iodide, potassium hydroxide, potassium phosphate, sodium selenite, sodium citrate, taurine, l-carnitine, beta-carotene, mixed tocopherol concentrate, ascorbyl palmitate, monoglycerides, nucleotides (cytidine-5'-monophosphate, disodium uridine-5'-monophosphate, adenosine-5'-monophosphate, disodium guanosine-5'-monophosphate).			ND	NT	ND	ND	ND	191	7005000	ND	ND	ND	ND	2025
190	Up&Up (Target)	Soy	https://www.target.com/p/soy-powder-infant-formula-36oz-up-38-up-8482/-/A-15118125	corn syrup, soy protein isolate, palm olein, soy oil, coconut oil, high oleic (safflower or sunflower) oil, less than 2%: mortierella alpina oil*, schizochytrium sp. oil**, lutein, fructooligosaccharide, calcium phosphate, potassium citrate, potassium chloride, magnesium chloride, sodium citrate, ascorbic acid, choline bitartrate, l-methionine, taurine, ascorbyl palmitate, ferrous sulfate, inositol, mixed tocopherol concentrate, zinc sulfate, vitamin e (di-alpha tocopheryl acetate), l-carnitine, niacinamide, calcium pantothenate, cupric sulfate, thiamine hydrochloride, vitamin a palmitate, riboflavin, pyridoxine hydrochloride, folic acid, potassium iodide, potassium hydroxide, vitamin k (phytonadione), biotin, sodium selenite, beta-carotene, vitamin d (cholecalciferol), cyanocobalamin, monoglycerides, soy lecithin, tribasic calcium phosphate, calcium carbonate, manganese sulfate, potassium bicarbonate. * a source of arachidonic acid (ara) ** a source of docosahexaenoic acid (dha)			6.7	5.3	3.4	4.6	ND	3680	6460000	ND	ND	ND	ND	2025
